"POA_CODE_2016","Region.POA","Rural.urban.POA"
800,"Western_Australia","Rural"
810,"Western_Australia","Rural"
812,"Western_Australia","Rural"
815,"Western_Australia","Rural"
820,"Western_Australia","Rural"
822,"Western_Australia","Rural"
828,"Western_Australia","Rural"
829,"Western_Australia","Rural"
830,"Western_Australia","Rural"
832,"Western_Australia","Rural"
834,"Western_Australia","Rural"
835,"Western_Australia","Rural"
836,"Western_Australia","Rural"
837,"Western_Australia","Rural"
838,"Western_Australia","Rural"
839,"Western_Australia","Rural"
840,"Western_Australia","Rural"
841,"Western_Australia","Rural"
845,"Western_Australia","Rural"
846,"Western_Australia","Rural"
847,"Western_Australia","Rural"
850,"Western_Australia","Rural"
852,"Western_Australia","Rural"
853,"Western_Australia","Rural"
854,"Western_Australia","Rural"
860,"Western_Australia","Rural"
862,"Western_Australia","Rural"
870,"Western_Australia","Rural"
872,"Western_Australia","Rural"
873,"Western_Australia","Rural"
874,"Western_Australia","Rural"
875,"Western_Australia","Rural"
880,"Western_Australia","Rural"
885,"Western_Australia","Rural"
886,"Western_Australia","Rural"
2000,"Broad_NSW","Urban"
2006,"Broad_NSW","Urban"
2007,"Broad_NSW","Urban"
2008,"Broad_NSW","Urban"
2009,"Broad_NSW","Urban"
2010,"Broad_NSW","Urban"
2011,"Broad_NSW","Urban"
2015,"Broad_NSW","Urban"
2016,"Broad_NSW","Urban"
2017,"Broad_NSW","Urban"
2018,"Broad_NSW","Urban"
2019,"Broad_NSW","Urban"
2020,"Broad_NSW","Urban"
2021,"Broad_NSW","Urban"
2022,"Broad_NSW","Urban"
2023,"Broad_NSW","Urban"
2024,"Broad_NSW","Urban"
2025,"Broad_NSW","Urban"
2026,"Broad_NSW","Urban"
2027,"Broad_NSW","Urban"
2028,"Broad_NSW","Urban"
2029,"Broad_NSW","Urban"
2030,"Broad_NSW","Urban"
2031,"Broad_NSW","Urban"
2032,"Broad_NSW","Urban"
2033,"Broad_NSW","Urban"
2034,"Broad_NSW","Urban"
2035,"Broad_NSW","Urban"
2036,"Broad_NSW","Urban"
2037,"Broad_NSW","Urban"
2038,"Broad_NSW","Urban"
2039,"Broad_NSW","Urban"
2040,"Broad_NSW","Urban"
2041,"Broad_NSW","Urban"
2042,"Broad_NSW","Urban"
2043,"Broad_NSW","Urban"
2044,"Broad_NSW","Urban"
2045,"Broad_NSW","Urban"
2046,"Broad_NSW","Urban"
2047,"Broad_NSW","Urban"
2048,"Broad_NSW","Urban"
2049,"Broad_NSW","Urban"
2050,"Broad_NSW","Urban"
2052,"Broad_NSW","Urban"
2060,"Broad_NSW","Urban"
2061,"Broad_NSW","Urban"
2062,"Broad_NSW","Urban"
2063,"Broad_NSW","Urban"
2064,"Broad_NSW","Urban"
2065,"Broad_NSW","Urban"
2066,"Broad_NSW","Urban"
2067,"Broad_NSW","Urban"
2068,"Broad_NSW","Urban"
2069,"Broad_NSW","Urban"
2070,"Broad_NSW","Urban"
2071,"Broad_NSW","Urban"
2072,"Broad_NSW","Urban"
2073,"Broad_NSW","Urban"
2074,"Broad_NSW","Urban"
2075,"Broad_NSW","Urban"
2076,"Broad_NSW","Urban"
2077,"Broad_NSW","Urban"
2079,"Broad_NSW","Urban"
2080,"Broad_NSW","Urban"
2081,"Broad_NSW","Urban"
2082,"Broad_NSW","Urban"
2083,"Broad_NSW","Rural"
2084,"Broad_NSW","Urban"
2085,"Broad_NSW","Urban"
2086,"Broad_NSW","Urban"
2087,"Broad_NSW","Urban"
2088,"Broad_NSW","Urban"
2089,"Broad_NSW","Urban"
2090,"Broad_NSW","Urban"
2092,"Broad_NSW","Urban"
2093,"Broad_NSW","Urban"
2094,"Broad_NSW","Urban"
2095,"Broad_NSW","Urban"
2096,"Broad_NSW","Urban"
2097,"Broad_NSW","Urban"
2099,"Broad_NSW","Urban"
2100,"Broad_NSW","Urban"
2101,"Broad_NSW","Urban"
2102,"Broad_NSW","Urban"
2103,"Broad_NSW","Urban"
2104,"Broad_NSW","Urban"
2105,"Broad_NSW","Urban"
2106,"Broad_NSW","Urban"
2107,"Broad_NSW","Urban"
2108,"Broad_NSW","Urban"
2109,"Broad_NSW","Urban"
2110,"Broad_NSW","Urban"
2111,"Broad_NSW","Urban"
2112,"Broad_NSW","Urban"
2113,"Broad_NSW","Urban"
2114,"Broad_NSW","Urban"
2115,"Broad_NSW","Urban"
2116,"Broad_NSW","Urban"
2117,"Broad_NSW","Urban"
2118,"Broad_NSW","Urban"
2119,"Broad_NSW","Urban"
2120,"Broad_NSW","Urban"
2121,"Broad_NSW","Urban"
2122,"Broad_NSW","Urban"
2123,"Broad_NSW","Urban"
2125,"Broad_NSW","Urban"
2126,"Broad_NSW","Urban"
2127,"Broad_NSW","Urban"
2128,"Broad_NSW","Urban"
2129,"Broad_NSW","Urban"
2130,"Broad_NSW","Urban"
2131,"Broad_NSW","Urban"
2132,"Broad_NSW","Urban"
2133,"Broad_NSW","Urban"
2134,"Broad_NSW","Urban"
2135,"Broad_NSW","Urban"
2136,"Broad_NSW","Urban"
2137,"Broad_NSW","Urban"
2138,"Broad_NSW","Urban"
2139,"Broad_NSW","Urban"
2140,"Broad_NSW","Urban"
2141,"Broad_NSW","Urban"
2142,"Broad_NSW","Urban"
2143,"Broad_NSW","Urban"
2144,"Broad_NSW","Urban"
2145,"Broad_NSW","Urban"
2146,"Broad_NSW","Urban"
2147,"Broad_NSW","Urban"
2148,"Broad_NSW","Urban"
2150,"Broad_NSW","Urban"
2151,"Broad_NSW","Urban"
2152,"Broad_NSW","Urban"
2153,"Broad_NSW","Urban"
2154,"Broad_NSW","Urban"
2155,"Broad_NSW","Urban"
2156,"Broad_NSW","Urban"
2157,"Broad_NSW","Rural"
2158,"Broad_NSW","Urban"
2159,"Broad_NSW","Urban"
2160,"Broad_NSW","Urban"
2161,"Broad_NSW","Urban"
2162,"Broad_NSW","Urban"
2163,"Broad_NSW","Urban"
2164,"Broad_NSW","Urban"
2165,"Broad_NSW","Urban"
2166,"Broad_NSW","Urban"
2167,"Broad_NSW","Urban"
2168,"Broad_NSW","Urban"
2170,"Broad_NSW","Urban"
2171,"Broad_NSW","Urban"
2172,"Broad_NSW","Urban"
2173,"Broad_NSW","Urban"
2174,"Broad_NSW","Urban"
2175,"Broad_NSW","Urban"
2176,"Broad_NSW","Urban"
2177,"Broad_NSW","Urban"
2178,"Broad_NSW","Urban"
2179,"Broad_NSW","Urban"
2190,"Broad_NSW","Urban"
2191,"Broad_NSW","Urban"
2192,"Broad_NSW","Urban"
2193,"Broad_NSW","Urban"
2194,"Broad_NSW","Urban"
2195,"Broad_NSW","Urban"
2196,"Broad_NSW","Urban"
2197,"Broad_NSW","Urban"
2198,"Broad_NSW","Urban"
2199,"Broad_NSW","Urban"
2200,"Broad_NSW","Urban"
2203,"Broad_NSW","Urban"
2204,"Broad_NSW","Urban"
2205,"Broad_NSW","Urban"
2206,"Broad_NSW","Urban"
2207,"Broad_NSW","Urban"
2208,"Broad_NSW","Urban"
2209,"Broad_NSW","Urban"
2210,"Broad_NSW","Urban"
2211,"Broad_NSW","Urban"
2212,"Broad_NSW","Urban"
2213,"Broad_NSW","Urban"
2214,"Broad_NSW","Urban"
2216,"Broad_NSW","Urban"
2217,"Broad_NSW","Urban"
2218,"Broad_NSW","Urban"
2219,"Broad_NSW","Urban"
2220,"Broad_NSW","Urban"
2221,"Broad_NSW","Urban"
2222,"Broad_NSW","Urban"
2223,"Broad_NSW","Urban"
2224,"Broad_NSW","Urban"
2225,"Broad_NSW","Urban"
2226,"Broad_NSW","Urban"
2227,"Broad_NSW","Urban"
2228,"Broad_NSW","Urban"
2229,"Broad_NSW","Urban"
2230,"Broad_NSW","Urban"
2231,"Broad_NSW","Urban"
2232,"Broad_NSW","Urban"
2233,"Broad_NSW","Urban"
2234,"Broad_NSW","Urban"
2250,"Broad_NSW","Urban"
2251,"Broad_NSW","Urban"
2256,"Broad_NSW","Urban"
2257,"Broad_NSW","Urban"
2258,"Broad_NSW","Urban"
2259,"Broad_NSW","Urban"
2260,"Broad_NSW","Urban"
2261,"Broad_NSW","Urban"
2262,"Broad_NSW","Urban"
2263,"Broad_NSW","Urban"
2264,"Broad_NSW","Urban"
2265,"Broad_NSW","Urban"
2267,"Broad_NSW","Urban"
2278,"Broad_NSW","Urban"
2280,"Broad_NSW","Urban"
2281,"Broad_NSW","Urban"
2282,"Broad_NSW","Urban"
2283,"Broad_NSW","Urban"
2284,"Broad_NSW","Urban"
2285,"Broad_NSW","Urban"
2286,"Broad_NSW","Urban"
2287,"Broad_NSW","Urban"
2289,"Broad_NSW","Urban"
2290,"Broad_NSW","Urban"
2291,"Broad_NSW","Urban"
2292,"Broad_NSW","Urban"
2293,"Broad_NSW","Urban"
2294,"Broad_NSW","Urban"
2295,"Broad_NSW","Urban"
2296,"Broad_NSW","Urban"
2297,"Broad_NSW","Urban"
2298,"Broad_NSW","Urban"
2299,"Broad_NSW","Urban"
2300,"Broad_NSW","Urban"
2302,"Broad_NSW","Urban"
2303,"Broad_NSW","Urban"
2304,"Broad_NSW","Urban"
2305,"Broad_NSW","Urban"
2306,"Broad_NSW","Urban"
2307,"Broad_NSW","Urban"
2308,"Broad_NSW","Urban"
2311,"Broad_NSW","Rural"
2312,"Broad_NSW","Rural"
2314,"Broad_NSW","Rural"
2315,"Broad_NSW","Rural"
2316,"Broad_NSW","Rural"
2317,"Broad_NSW","Rural"
2318,"Broad_NSW","Rural"
2319,"Broad_NSW","Rural"
2320,"Broad_NSW","Urban"
2321,"Broad_NSW","Urban"
2322,"Broad_NSW","Urban"
2323,"Broad_NSW","Urban"
2324,"Broad_NSW","Urban"
2325,"Broad_NSW","Rural"
2326,"Broad_NSW","Urban"
2327,"Broad_NSW","Urban"
2328,"Broad_NSW","Rural"
2329,"Broad_NSW","Rural"
2330,"Broad_NSW","Rural"
2331,"Broad_NSW","Rural"
2333,"Broad_NSW","Rural"
2334,"Broad_NSW","Rural"
2335,"Broad_NSW","Rural"
2336,"Broad_NSW","Rural"
2337,"Broad_NSW","Rural"
2338,"Broad_NSW","Rural"
2339,"Broad_NSW","Rural"
2340,"Broad_NSW","Rural"
2341,"Broad_NSW","Rural"
2342,"Broad_NSW","Rural"
2343,"Broad_NSW","Rural"
2344,"Broad_NSW","Rural"
2345,"Broad_NSW","Rural"
2346,"Broad_NSW","Rural"
2347,"Broad_NSW","Rural"
2350,"Broad_NSW","Rural"
2351,"Broad_NSW","Rural"
2352,"Broad_NSW","Rural"
2353,"Broad_NSW","Rural"
2354,"Broad_NSW","Rural"
2355,"Broad_NSW","Rural"
2356,"Broad_NSW","Rural"
2357,"Broad_NSW","Rural"
2358,"Broad_NSW","Rural"
2359,"Broad_NSW","Rural"
2360,"Broad_NSW","Rural"
2361,"Broad_NSW","Rural"
2365,"Broad_NSW","Rural"
2369,"Broad_NSW","Rural"
2370,"Broad_NSW","Rural"
2371,"Broad_NSW","Rural"
2372,"Broad_NSW","Rural"
2379,"Broad_NSW","Rural"
2380,"Broad_NSW","Rural"
2381,"Broad_NSW","Rural"
2382,"Broad_NSW","Rural"
2386,"Broad_NSW","Rural"
2387,"Broad_NSW","Rural"
2388,"Broad_NSW","Rural"
2390,"Broad_NSW","Rural"
2395,"Broad_NSW","Rural"
2396,"Broad_NSW","Rural"
2397,"Broad_NSW","Rural"
2398,"Broad_NSW","Rural"
2399,"Broad_NSW","Rural"
2400,"Broad_NSW","Rural"
2401,"Broad_NSW","Rural"
2402,"Broad_NSW","Rural"
2403,"Broad_NSW","Rural"
2404,"Broad_NSW","Rural"
2405,"Broad_NSW","Rural"
2406,"Broad_NSW","Rural"
2408,"Broad_NSW","Rural"
2409,"Broad_NSW","Rural"
2410,"Broad_NSW","Rural"
2411,"Broad_NSW","Rural"
2415,"Broad_NSW","Rural"
2420,"Broad_NSW","Rural"
2421,"Broad_NSW","Rural"
2422,"Broad_NSW","Rural"
2423,"Broad_NSW","Rural"
2424,"Broad_NSW","Rural"
2425,"Broad_NSW","Rural"
2426,"Broad_NSW","Rural"
2427,"Broad_NSW","Rural"
2428,"Broad_NSW","Rural"
2429,"Broad_NSW","Rural"
2430,"Broad_NSW","Rural"
2431,"Broad_NSW","Rural"
2439,"Broad_NSW","Rural"
2440,"Broad_NSW","Rural"
2441,"Broad_NSW","Rural"
2443,"Broad_NSW","Rural"
2444,"Broad_NSW","Rural"
2445,"Broad_NSW","Rural"
2446,"Broad_NSW","Rural"
2447,"Broad_NSW","Rural"
2448,"Broad_NSW","Rural"
2449,"Broad_NSW","Rural"
2450,"Broad_NSW","Rural"
2452,"Broad_NSW","Rural"
2453,"Broad_NSW","Rural"
2454,"Broad_NSW","Rural"
2455,"Broad_NSW","Rural"
2456,"Broad_NSW","Rural"
2460,"Broad_NSW","Rural"
2462,"Broad_NSW","Rural"
2463,"Broad_NSW","Rural"
2464,"Broad_NSW","Rural"
2465,"Broad_NSW","Rural"
2466,"Broad_NSW","Rural"
2469,"Broad_NSW","Rural"
2470,"Broad_NSW","Rural"
2471,"Broad_NSW","Rural"
2472,"Broad_NSW","Rural"
2473,"Broad_NSW","Rural"
2474,"Broad_NSW","Rural"
2475,"Broad_NSW","Rural"
2476,"Broad_NSW","Rural"
2477,"Broad_NSW","Rural"
2478,"Broad_NSW","Rural"
2479,"Broad_NSW","Rural"
2480,"Broad_NSW","Rural"
2481,"Broad_NSW","Rural"
2482,"Broad_NSW","Rural"
2483,"Broad_NSW","Rural"
2484,"Broad_NSW","Rural"
2485,"Broad_NSW","Urban"
2486,"Broad_NSW","Urban"
2487,"Broad_NSW","Urban"
2488,"Broad_NSW","Urban"
2489,"Broad_NSW","Urban"
2490,"Broad_NSW","Urban"
2500,"Broad_NSW","Urban"
2502,"Broad_NSW","Urban"
2505,"Broad_NSW","Urban"
2506,"Broad_NSW","Urban"
2508,"Broad_NSW","Urban"
2515,"Broad_NSW","Urban"
2516,"Broad_NSW","Urban"
2517,"Broad_NSW","Urban"
2518,"Broad_NSW","Urban"
2519,"Broad_NSW","Urban"
2522,"Broad_NSW","Urban"
2525,"Broad_NSW","Urban"
2526,"Broad_NSW","Urban"
2527,"Broad_NSW","Urban"
2528,"Broad_NSW","Urban"
2529,"Broad_NSW","Urban"
2530,"Broad_NSW","Urban"
2533,"Broad_NSW","Rural"
2534,"Broad_NSW","Rural"
2535,"Broad_NSW","Rural"
2536,"Broad_NSW","Rural"
2537,"Broad_NSW","Rural"
2538,"Broad_NSW","Rural"
2539,"Broad_NSW","Rural"
2540,"Broad_NSW","Rural"
2541,"Broad_NSW","Rural"
2545,"Broad_NSW","Rural"
2546,"Broad_NSW","Rural"
2548,"Broad_NSW","Rural"
2549,"Broad_NSW","Rural"
2550,"Broad_NSW","Rural"
2551,"Broad_NSW","Rural"
2555,"Broad_NSW","Urban"
2556,"Broad_NSW","Urban"
2557,"Broad_NSW","Urban"
2558,"Broad_NSW","Urban"
2559,"Broad_NSW","Urban"
2560,"Broad_NSW","Urban"
2563,"Broad_NSW","Urban"
2564,"Broad_NSW","Urban"
2565,"Broad_NSW","Urban"
2566,"Broad_NSW","Urban"
2567,"Broad_NSW","Urban"
2568,"Broad_NSW","Urban"
2569,"Broad_NSW","Rural"
2570,"Broad_NSW","Urban"
2571,"Broad_NSW","Rural"
2572,"Broad_NSW","Rural"
2573,"Broad_NSW","Rural"
2574,"Broad_NSW","Rural"
2575,"Broad_NSW","Rural"
2576,"Broad_NSW","Rural"
2577,"Broad_NSW","Rural"
2578,"Broad_NSW","Rural"
2579,"Broad_NSW","Rural"
2580,"Broad_NSW","Rural"
2581,"Broad_NSW","Rural"
2582,"Broad_NSW","Rural"
2583,"Broad_NSW","Rural"
2584,"Broad_NSW","Rural"
2585,"Broad_NSW","Rural"
2586,"Broad_NSW","Rural"
2587,"Broad_NSW","Rural"
2588,"Broad_NSW","Rural"
2590,"Broad_NSW","Rural"
2594,"Broad_NSW","Rural"
2600,"Broad_NSW","Urban"
2601,"Broad_NSW","Urban"
2602,"Broad_NSW","Urban"
2603,"Broad_NSW","Urban"
2604,"Broad_NSW","Urban"
2605,"Broad_NSW","Urban"
2606,"Broad_NSW","Urban"
2607,"Broad_NSW","Urban"
2609,"Broad_NSW","Urban"
2611,"Broad_NSW","Urban"
2612,"Broad_NSW","Urban"
2614,"Broad_NSW","Urban"
2615,"Broad_NSW","Urban"
2617,"Broad_NSW","Urban"
2618,"Broad_NSW","Rural"
2619,"Broad_NSW","Urban"
2620,"Broad_NSW","Urban"
2621,"Broad_NSW","Rural"
2622,"Broad_NSW","Rural"
2623,"Broad_NSW","Rural"
2625,"Broad_NSW","Rural"
2626,"Broad_NSW","Rural"
2627,"Broad_NSW","Rural"
2628,"Broad_NSW","Rural"
2629,"Broad_NSW","Rural"
2630,"Broad_NSW","Rural"
2631,"Broad_NSW","Rural"
2632,"Broad_NSW","Rural"
2633,"Broad_NSW","Rural"
2640,"Broad_NSW","Rural"
2641,"Broad_NSW","Rural"
2642,"Broad_NSW","Rural"
2643,"Broad_NSW","Rural"
2644,"Broad_NSW","Rural"
2645,"Broad_NSW","Rural"
2646,"Broad_NSW","Rural"
2647,"Broad_NSW","Rural"
2648,"Broad_NSW","Rural"
2649,"Broad_NSW","Rural"
2650,"Broad_NSW","Rural"
2651,"Broad_NSW","Rural"
2652,"Broad_NSW","Rural"
2653,"Broad_NSW","Rural"
2655,"Broad_NSW","Rural"
2656,"Broad_NSW","Rural"
2658,"Broad_NSW","Rural"
2659,"Broad_NSW","Rural"
2660,"Broad_NSW","Rural"
2661,"Broad_NSW","Rural"
2663,"Broad_NSW","Rural"
2665,"Broad_NSW","Rural"
2666,"Broad_NSW","Rural"
2668,"Broad_NSW","Rural"
2669,"Broad_NSW","Rural"
2671,"Broad_NSW","Rural"
2672,"Broad_NSW","Rural"
2675,"Broad_NSW","Rural"
2678,"Broad_NSW","Rural"
2680,"Broad_NSW","Rural"
2681,"Broad_NSW","Rural"
2700,"Broad_NSW","Rural"
2701,"Broad_NSW","Rural"
2702,"Broad_NSW","Rural"
2703,"Broad_NSW","Rural"
2705,"Broad_NSW","Rural"
2706,"Broad_NSW","Rural"
2707,"Broad_NSW","Rural"
2710,"Broad_NSW","Rural"
2711,"Broad_NSW","Rural"
2712,"Broad_NSW","Rural"
2713,"Broad_NSW","Rural"
2714,"Broad_NSW","Rural"
2715,"Broad_NSW","Rural"
2716,"Broad_NSW","Rural"
2717,"Broad_NSW","Rural"
2720,"Broad_NSW","Rural"
2721,"Broad_NSW","Rural"
2722,"Broad_NSW","Rural"
2725,"Broad_NSW","Rural"
2726,"Broad_NSW","Rural"
2727,"Broad_NSW","Rural"
2729,"Broad_NSW","Rural"
2730,"Broad_NSW","Rural"
2731,"Broad_NSW","Rural"
2732,"Broad_NSW","Rural"
2733,"Broad_NSW","Rural"
2734,"Broad_NSW","Rural"
2735,"Broad_NSW","Rural"
2736,"Broad_NSW","Rural"
2737,"Broad_NSW","Rural"
2738,"Broad_NSW","Rural"
2739,"Broad_NSW","Rural"
2745,"Broad_NSW","Urban"
2747,"Broad_NSW","Urban"
2748,"Broad_NSW","Urban"
2749,"Broad_NSW","Urban"
2750,"Broad_NSW","Urban"
2752,"Broad_NSW","Rural"
2753,"Broad_NSW","Urban"
2754,"Broad_NSW","Urban"
2755,"Broad_NSW","Urban"
2756,"Broad_NSW","Urban"
2757,"Broad_NSW","Rural"
2758,"Broad_NSW","Rural"
2759,"Broad_NSW","Urban"
2760,"Broad_NSW","Urban"
2761,"Broad_NSW","Urban"
2762,"Broad_NSW","Urban"
2763,"Broad_NSW","Urban"
2765,"Broad_NSW","Urban"
2766,"Broad_NSW","Urban"
2767,"Broad_NSW","Urban"
2768,"Broad_NSW","Urban"
2769,"Broad_NSW","Urban"
2770,"Broad_NSW","Urban"
2773,"Broad_NSW","Urban"
2774,"Broad_NSW","Urban"
2775,"Broad_NSW","Rural"
2776,"Broad_NSW","Urban"
2777,"Broad_NSW","Urban"
2778,"Broad_NSW","Urban"
2779,"Broad_NSW","Urban"
2780,"Broad_NSW","Urban"
2782,"Broad_NSW","Urban"
2783,"Broad_NSW","Urban"
2784,"Broad_NSW","Urban"
2785,"Broad_NSW","Rural"
2786,"Broad_NSW","Rural"
2787,"Broad_NSW","Rural"
2790,"Broad_NSW","Rural"
2791,"Broad_NSW","Rural"
2792,"Broad_NSW","Rural"
2793,"Broad_NSW","Rural"
2794,"Broad_NSW","Rural"
2795,"Broad_NSW","Rural"
2797,"Broad_NSW","Rural"
2798,"Broad_NSW","Rural"
2799,"Broad_NSW","Rural"
2800,"Broad_NSW","Rural"
2803,"Broad_NSW","Rural"
2804,"Broad_NSW","Rural"
2805,"Broad_NSW","Rural"
2806,"Broad_NSW","Rural"
2807,"Broad_NSW","Rural"
2808,"Broad_NSW","Rural"
2809,"Broad_NSW","Rural"
2810,"Broad_NSW","Rural"
2817,"Broad_NSW","Rural"
2818,"Broad_NSW","Rural"
2820,"Broad_NSW","Rural"
2821,"Broad_NSW","Rural"
2822,"Broad_NSW","Rural"
2823,"Broad_NSW","Rural"
2824,"Broad_NSW","Rural"
2825,"Broad_NSW","Rural"
2826,"Broad_NSW","Rural"
2827,"Broad_NSW","Rural"
2828,"Broad_NSW","Rural"
2829,"Broad_NSW","Rural"
2830,"Broad_NSW","Rural"
2831,"Broad_NSW","Rural"
2832,"Broad_NSW","Rural"
2833,"Broad_NSW","Rural"
2834,"Broad_NSW","Rural"
2835,"Broad_NSW","Rural"
2836,"Broad_NSW","Rural"
2838,"Broad_NSW","Rural"
2839,"Broad_NSW","Rural"
2840,"Broad_NSW","Rural"
2842,"Broad_NSW","Rural"
2843,"Broad_NSW","Rural"
2844,"Broad_NSW","Rural"
2845,"Broad_NSW","Rural"
2846,"Broad_NSW","Rural"
2847,"Broad_NSW","Rural"
2848,"Broad_NSW","Rural"
2849,"Broad_NSW","Rural"
2850,"Broad_NSW","Rural"
2852,"Broad_NSW","Rural"
2864,"Broad_NSW","Rural"
2865,"Broad_NSW","Rural"
2866,"Broad_NSW","Rural"
2867,"Broad_NSW","Rural"
2868,"Broad_NSW","Rural"
2869,"Broad_NSW","Rural"
2870,"Broad_NSW","Rural"
2871,"Broad_NSW","Rural"
2873,"Broad_NSW","Rural"
2874,"Broad_NSW","Rural"
2875,"Broad_NSW","Rural"
2876,"Broad_NSW","Rural"
2877,"Broad_NSW","Rural"
2878,"Broad_NSW","Rural"
2879,"Broad_NSW","Rural"
2880,"Broad_NSW","Rural"
2898,"Broad_NSW","Rural"
2899,"Broad_NSW","Rural"
2900,"Broad_NSW","Urban"
2902,"Broad_NSW","Urban"
2903,"Broad_NSW","Urban"
2904,"Broad_NSW","Urban"
2905,"Broad_NSW","Urban"
2906,"Broad_NSW","Urban"
2911,"Broad_NSW","Urban"
2912,"Broad_NSW","Urban"
2913,"Broad_NSW","Urban"
2914,"Broad_NSW","Urban"
3000,"Victoria_Tasmania","Urban"
3002,"Victoria_Tasmania","Urban"
3003,"Victoria_Tasmania","Urban"
3004,"Victoria_Tasmania","Urban"
3005,"Victoria_Tasmania","Urban"
3006,"Victoria_Tasmania","Urban"
3008,"Victoria_Tasmania","Urban"
3010,"Victoria_Tasmania","Urban"
3011,"Victoria_Tasmania","Urban"
3012,"Victoria_Tasmania","Urban"
3013,"Victoria_Tasmania","Urban"
3015,"Victoria_Tasmania","Urban"
3016,"Victoria_Tasmania","Urban"
3018,"Victoria_Tasmania","Urban"
3019,"Victoria_Tasmania","Urban"
3020,"Victoria_Tasmania","Urban"
3021,"Victoria_Tasmania","Urban"
3022,"Victoria_Tasmania","Urban"
3023,"Victoria_Tasmania","Urban"
3024,"Victoria_Tasmania","Urban"
3025,"Victoria_Tasmania","Urban"
3026,"Victoria_Tasmania","Urban"
3027,"Victoria_Tasmania","Urban"
3028,"Victoria_Tasmania","Urban"
3029,"Victoria_Tasmania","Urban"
3030,"Victoria_Tasmania","Urban"
3031,"Victoria_Tasmania","Urban"
3032,"Victoria_Tasmania","Urban"
3033,"Victoria_Tasmania","Urban"
3034,"Victoria_Tasmania","Urban"
3036,"Victoria_Tasmania","Urban"
3037,"Victoria_Tasmania","Urban"
3038,"Victoria_Tasmania","Urban"
3039,"Victoria_Tasmania","Urban"
3040,"Victoria_Tasmania","Urban"
3041,"Victoria_Tasmania","Urban"
3042,"Victoria_Tasmania","Urban"
3043,"Victoria_Tasmania","Urban"
3044,"Victoria_Tasmania","Urban"
3045,"Victoria_Tasmania","Urban"
3046,"Victoria_Tasmania","Urban"
3047,"Victoria_Tasmania","Urban"
3048,"Victoria_Tasmania","Urban"
3049,"Victoria_Tasmania","Urban"
3050,"Victoria_Tasmania","Urban"
3051,"Victoria_Tasmania","Urban"
3052,"Victoria_Tasmania","Urban"
3053,"Victoria_Tasmania","Urban"
3054,"Victoria_Tasmania","Urban"
3055,"Victoria_Tasmania","Urban"
3056,"Victoria_Tasmania","Urban"
3057,"Victoria_Tasmania","Urban"
3058,"Victoria_Tasmania","Urban"
3059,"Victoria_Tasmania","Urban"
3060,"Victoria_Tasmania","Urban"
3061,"Victoria_Tasmania","Urban"
3062,"Victoria_Tasmania","Urban"
3063,"Victoria_Tasmania","Urban"
3064,"Victoria_Tasmania","Urban"
3065,"Victoria_Tasmania","Urban"
3066,"Victoria_Tasmania","Urban"
3067,"Victoria_Tasmania","Urban"
3068,"Victoria_Tasmania","Urban"
3070,"Victoria_Tasmania","Urban"
3071,"Victoria_Tasmania","Urban"
3072,"Victoria_Tasmania","Urban"
3073,"Victoria_Tasmania","Urban"
3074,"Victoria_Tasmania","Urban"
3075,"Victoria_Tasmania","Urban"
3076,"Victoria_Tasmania","Urban"
3078,"Victoria_Tasmania","Urban"
3079,"Victoria_Tasmania","Urban"
3081,"Victoria_Tasmania","Urban"
3082,"Victoria_Tasmania","Urban"
3083,"Victoria_Tasmania","Urban"
3084,"Victoria_Tasmania","Urban"
3085,"Victoria_Tasmania","Urban"
3086,"Victoria_Tasmania","Urban"
3087,"Victoria_Tasmania","Urban"
3088,"Victoria_Tasmania","Urban"
3089,"Victoria_Tasmania","Urban"
3090,"Victoria_Tasmania","Urban"
3091,"Victoria_Tasmania","Urban"
3093,"Victoria_Tasmania","Urban"
3094,"Victoria_Tasmania","Urban"
3095,"Victoria_Tasmania","Urban"
3096,"Victoria_Tasmania","Urban"
3097,"Victoria_Tasmania","Urban"
3099,"Victoria_Tasmania","Urban"
3101,"Victoria_Tasmania","Urban"
3102,"Victoria_Tasmania","Urban"
3103,"Victoria_Tasmania","Urban"
3104,"Victoria_Tasmania","Urban"
3105,"Victoria_Tasmania","Urban"
3106,"Victoria_Tasmania","Urban"
3107,"Victoria_Tasmania","Urban"
3108,"Victoria_Tasmania","Urban"
3109,"Victoria_Tasmania","Urban"
3111,"Victoria_Tasmania","Urban"
3113,"Victoria_Tasmania","Urban"
3114,"Victoria_Tasmania","Urban"
3115,"Victoria_Tasmania","Urban"
3116,"Victoria_Tasmania","Urban"
3121,"Victoria_Tasmania","Urban"
3122,"Victoria_Tasmania","Urban"
3123,"Victoria_Tasmania","Urban"
3124,"Victoria_Tasmania","Urban"
3125,"Victoria_Tasmania","Urban"
3126,"Victoria_Tasmania","Urban"
3127,"Victoria_Tasmania","Urban"
3128,"Victoria_Tasmania","Urban"
3129,"Victoria_Tasmania","Urban"
3130,"Victoria_Tasmania","Urban"
3131,"Victoria_Tasmania","Urban"
3132,"Victoria_Tasmania","Urban"
3133,"Victoria_Tasmania","Urban"
3134,"Victoria_Tasmania","Urban"
3135,"Victoria_Tasmania","Urban"
3136,"Victoria_Tasmania","Urban"
3137,"Victoria_Tasmania","Urban"
3138,"Victoria_Tasmania","Urban"
3139,"Victoria_Tasmania","Rural"
3140,"Victoria_Tasmania","Urban"
3141,"Victoria_Tasmania","Urban"
3142,"Victoria_Tasmania","Urban"
3143,"Victoria_Tasmania","Urban"
3144,"Victoria_Tasmania","Urban"
3145,"Victoria_Tasmania","Urban"
3146,"Victoria_Tasmania","Urban"
3147,"Victoria_Tasmania","Urban"
3148,"Victoria_Tasmania","Urban"
3149,"Victoria_Tasmania","Urban"
3150,"Victoria_Tasmania","Urban"
3151,"Victoria_Tasmania","Urban"
3152,"Victoria_Tasmania","Urban"
3153,"Victoria_Tasmania","Urban"
3154,"Victoria_Tasmania","Urban"
3155,"Victoria_Tasmania","Urban"
3156,"Victoria_Tasmania","Urban"
3158,"Victoria_Tasmania","Urban"
3159,"Victoria_Tasmania","Urban"
3160,"Victoria_Tasmania","Urban"
3161,"Victoria_Tasmania","Urban"
3162,"Victoria_Tasmania","Urban"
3163,"Victoria_Tasmania","Urban"
3165,"Victoria_Tasmania","Urban"
3166,"Victoria_Tasmania","Urban"
3167,"Victoria_Tasmania","Urban"
3168,"Victoria_Tasmania","Urban"
3169,"Victoria_Tasmania","Urban"
3170,"Victoria_Tasmania","Urban"
3171,"Victoria_Tasmania","Urban"
3172,"Victoria_Tasmania","Urban"
3173,"Victoria_Tasmania","Urban"
3174,"Victoria_Tasmania","Urban"
3175,"Victoria_Tasmania","Urban"
3177,"Victoria_Tasmania","Urban"
3178,"Victoria_Tasmania","Urban"
3179,"Victoria_Tasmania","Urban"
3180,"Victoria_Tasmania","Urban"
3181,"Victoria_Tasmania","Urban"
3182,"Victoria_Tasmania","Urban"
3183,"Victoria_Tasmania","Urban"
3184,"Victoria_Tasmania","Urban"
3185,"Victoria_Tasmania","Urban"
3186,"Victoria_Tasmania","Urban"
3187,"Victoria_Tasmania","Urban"
3188,"Victoria_Tasmania","Urban"
3189,"Victoria_Tasmania","Urban"
3190,"Victoria_Tasmania","Urban"
3191,"Victoria_Tasmania","Urban"
3192,"Victoria_Tasmania","Urban"
3193,"Victoria_Tasmania","Urban"
3194,"Victoria_Tasmania","Urban"
3195,"Victoria_Tasmania","Urban"
3196,"Victoria_Tasmania","Urban"
3197,"Victoria_Tasmania","Urban"
3198,"Victoria_Tasmania","Urban"
3199,"Victoria_Tasmania","Urban"
3200,"Victoria_Tasmania","Urban"
3201,"Victoria_Tasmania","Urban"
3202,"Victoria_Tasmania","Urban"
3204,"Victoria_Tasmania","Urban"
3205,"Victoria_Tasmania","Urban"
3206,"Victoria_Tasmania","Urban"
3207,"Victoria_Tasmania","Urban"
3211,"Victoria_Tasmania","Rural"
3212,"Victoria_Tasmania","Urban"
3213,"Victoria_Tasmania","Urban"
3214,"Victoria_Tasmania","Urban"
3215,"Victoria_Tasmania","Urban"
3216,"Victoria_Tasmania","Urban"
3217,"Victoria_Tasmania","Urban"
3218,"Victoria_Tasmania","Urban"
3219,"Victoria_Tasmania","Urban"
3220,"Victoria_Tasmania","Urban"
3221,"Victoria_Tasmania","Rural"
3222,"Victoria_Tasmania","Rural"
3223,"Victoria_Tasmania","Rural"
3224,"Victoria_Tasmania","Urban"
3225,"Victoria_Tasmania","Rural"
3226,"Victoria_Tasmania","Rural"
3227,"Victoria_Tasmania","Rural"
3228,"Victoria_Tasmania","Rural"
3230,"Victoria_Tasmania","Rural"
3231,"Victoria_Tasmania","Rural"
3232,"Victoria_Tasmania","Rural"
3233,"Victoria_Tasmania","Rural"
3234,"Victoria_Tasmania","Rural"
3235,"Victoria_Tasmania","Rural"
3236,"Victoria_Tasmania","Rural"
3237,"Victoria_Tasmania","Rural"
3238,"Victoria_Tasmania","Rural"
3239,"Victoria_Tasmania","Rural"
3240,"Victoria_Tasmania","Rural"
3241,"Victoria_Tasmania","Rural"
3242,"Victoria_Tasmania","Rural"
3243,"Victoria_Tasmania","Rural"
3249,"Victoria_Tasmania","Rural"
3250,"Victoria_Tasmania","Rural"
3251,"Victoria_Tasmania","Rural"
3254,"Victoria_Tasmania","Rural"
3260,"Victoria_Tasmania","Rural"
3264,"Victoria_Tasmania","Rural"
3265,"Victoria_Tasmania","Rural"
3266,"Victoria_Tasmania","Rural"
3267,"Victoria_Tasmania","Rural"
3268,"Victoria_Tasmania","Rural"
3269,"Victoria_Tasmania","Rural"
3270,"Victoria_Tasmania","Rural"
3271,"Victoria_Tasmania","Rural"
3272,"Victoria_Tasmania","Rural"
3273,"Victoria_Tasmania","Rural"
3274,"Victoria_Tasmania","Rural"
3275,"Victoria_Tasmania","Rural"
3276,"Victoria_Tasmania","Rural"
3277,"Victoria_Tasmania","Rural"
3278,"Victoria_Tasmania","Rural"
3279,"Victoria_Tasmania","Rural"
3280,"Victoria_Tasmania","Rural"
3281,"Victoria_Tasmania","Rural"
3282,"Victoria_Tasmania","Rural"
3283,"Victoria_Tasmania","Rural"
3284,"Victoria_Tasmania","Rural"
3285,"Victoria_Tasmania","Rural"
3286,"Victoria_Tasmania","Rural"
3287,"Victoria_Tasmania","Rural"
3289,"Victoria_Tasmania","Rural"
3292,"Victoria_Tasmania","Rural"
3293,"Victoria_Tasmania","Rural"
3294,"Victoria_Tasmania","Rural"
3300,"Victoria_Tasmania","Rural"
3301,"Victoria_Tasmania","Rural"
3302,"Victoria_Tasmania","Rural"
3303,"Victoria_Tasmania","Rural"
3304,"Victoria_Tasmania","Rural"
3305,"Victoria_Tasmania","Rural"
3309,"Victoria_Tasmania","Rural"
3310,"Victoria_Tasmania","Rural"
3311,"Victoria_Tasmania","Rural"
3312,"Victoria_Tasmania","Rural"
3314,"Victoria_Tasmania","Rural"
3315,"Victoria_Tasmania","Rural"
3317,"Victoria_Tasmania","Rural"
3318,"Victoria_Tasmania","Rural"
3319,"Victoria_Tasmania","Rural"
3321,"Victoria_Tasmania","Rural"
3322,"Victoria_Tasmania","Rural"
3323,"Victoria_Tasmania","Rural"
3324,"Victoria_Tasmania","Rural"
3325,"Victoria_Tasmania","Rural"
3328,"Victoria_Tasmania","Rural"
3329,"Victoria_Tasmania","Rural"
3330,"Victoria_Tasmania","Rural"
3331,"Victoria_Tasmania","Rural"
3332,"Victoria_Tasmania","Rural"
3333,"Victoria_Tasmania","Rural"
3334,"Victoria_Tasmania","Rural"
3335,"Victoria_Tasmania","Urban"
3337,"Victoria_Tasmania","Urban"
3338,"Victoria_Tasmania","Urban"
3340,"Victoria_Tasmania","Urban"
3341,"Victoria_Tasmania","Rural"
3342,"Victoria_Tasmania","Rural"
3345,"Victoria_Tasmania","Rural"
3350,"Victoria_Tasmania","Rural"
3351,"Victoria_Tasmania","Rural"
3352,"Victoria_Tasmania","Rural"
3355,"Victoria_Tasmania","Rural"
3356,"Victoria_Tasmania","Rural"
3357,"Victoria_Tasmania","Rural"
3360,"Victoria_Tasmania","Rural"
3361,"Victoria_Tasmania","Rural"
3363,"Victoria_Tasmania","Rural"
3364,"Victoria_Tasmania","Rural"
3370,"Victoria_Tasmania","Rural"
3371,"Victoria_Tasmania","Rural"
3373,"Victoria_Tasmania","Rural"
3374,"Victoria_Tasmania","Rural"
3375,"Victoria_Tasmania","Rural"
3377,"Victoria_Tasmania","Rural"
3378,"Victoria_Tasmania","Rural"
3379,"Victoria_Tasmania","Rural"
3380,"Victoria_Tasmania","Rural"
3381,"Victoria_Tasmania","Rural"
3384,"Victoria_Tasmania","Rural"
3385,"Victoria_Tasmania","Rural"
3387,"Victoria_Tasmania","Rural"
3388,"Victoria_Tasmania","Rural"
3390,"Victoria_Tasmania","Rural"
3391,"Victoria_Tasmania","Rural"
3392,"Victoria_Tasmania","Rural"
3393,"Victoria_Tasmania","Rural"
3395,"Victoria_Tasmania","Rural"
3396,"Victoria_Tasmania","Rural"
3400,"Victoria_Tasmania","Rural"
3401,"Victoria_Tasmania","Rural"
3407,"Victoria_Tasmania","Rural"
3409,"Victoria_Tasmania","Rural"
3412,"Victoria_Tasmania","Rural"
3413,"Victoria_Tasmania","Rural"
3414,"Victoria_Tasmania","Rural"
3415,"Victoria_Tasmania","Rural"
3418,"Victoria_Tasmania","Rural"
3419,"Victoria_Tasmania","Rural"
3420,"Victoria_Tasmania","Rural"
3423,"Victoria_Tasmania","Rural"
3424,"Victoria_Tasmania","Rural"
3427,"Victoria_Tasmania","Urban"
3428,"Victoria_Tasmania","Urban"
3429,"Victoria_Tasmania","Urban"
3430,"Victoria_Tasmania","Rural"
3431,"Victoria_Tasmania","Rural"
3432,"Victoria_Tasmania","Rural"
3433,"Victoria_Tasmania","Rural"
3434,"Victoria_Tasmania","Rural"
3435,"Victoria_Tasmania","Rural"
3437,"Victoria_Tasmania","Rural"
3438,"Victoria_Tasmania","Rural"
3440,"Victoria_Tasmania","Rural"
3441,"Victoria_Tasmania","Rural"
3442,"Victoria_Tasmania","Rural"
3444,"Victoria_Tasmania","Rural"
3446,"Victoria_Tasmania","Rural"
3447,"Victoria_Tasmania","Rural"
3448,"Victoria_Tasmania","Rural"
3450,"Victoria_Tasmania","Rural"
3451,"Victoria_Tasmania","Rural"
3453,"Victoria_Tasmania","Rural"
3458,"Victoria_Tasmania","Rural"
3460,"Victoria_Tasmania","Rural"
3461,"Victoria_Tasmania","Rural"
3462,"Victoria_Tasmania","Rural"
3463,"Victoria_Tasmania","Rural"
3464,"Victoria_Tasmania","Rural"
3465,"Victoria_Tasmania","Rural"
3467,"Victoria_Tasmania","Rural"
3468,"Victoria_Tasmania","Rural"
3469,"Victoria_Tasmania","Rural"
3472,"Victoria_Tasmania","Rural"
3475,"Victoria_Tasmania","Rural"
3477,"Victoria_Tasmania","Rural"
3478,"Victoria_Tasmania","Rural"
3480,"Victoria_Tasmania","Rural"
3482,"Victoria_Tasmania","Rural"
3483,"Victoria_Tasmania","Rural"
3485,"Victoria_Tasmania","Rural"
3487,"Victoria_Tasmania","Rural"
3488,"Victoria_Tasmania","Rural"
3489,"Victoria_Tasmania","Rural"
3490,"Victoria_Tasmania","Rural"
3491,"Victoria_Tasmania","Rural"
3494,"Victoria_Tasmania","Rural"
3496,"Victoria_Tasmania","Rural"
3498,"Victoria_Tasmania","Rural"
3500,"Victoria_Tasmania","Rural"
3501,"Victoria_Tasmania","Rural"
3505,"Victoria_Tasmania","Rural"
3506,"Victoria_Tasmania","Rural"
3507,"Victoria_Tasmania","Rural"
3509,"Victoria_Tasmania","Rural"
3512,"Victoria_Tasmania","Rural"
3515,"Victoria_Tasmania","Rural"
3516,"Victoria_Tasmania","Rural"
3517,"Victoria_Tasmania","Rural"
3518,"Victoria_Tasmania","Rural"
3520,"Victoria_Tasmania","Rural"
3521,"Victoria_Tasmania","Rural"
3522,"Victoria_Tasmania","Rural"
3523,"Victoria_Tasmania","Rural"
3525,"Victoria_Tasmania","Rural"
3527,"Victoria_Tasmania","Rural"
3529,"Victoria_Tasmania","Rural"
3530,"Victoria_Tasmania","Rural"
3531,"Victoria_Tasmania","Rural"
3533,"Victoria_Tasmania","Rural"
3537,"Victoria_Tasmania","Rural"
3540,"Victoria_Tasmania","Rural"
3542,"Victoria_Tasmania","Rural"
3544,"Victoria_Tasmania","Rural"
3546,"Victoria_Tasmania","Rural"
3549,"Victoria_Tasmania","Rural"
3550,"Victoria_Tasmania","Rural"
3551,"Victoria_Tasmania","Rural"
3555,"Victoria_Tasmania","Rural"
3556,"Victoria_Tasmania","Rural"
3557,"Victoria_Tasmania","Rural"
3558,"Victoria_Tasmania","Rural"
3559,"Victoria_Tasmania","Rural"
3561,"Victoria_Tasmania","Rural"
3562,"Victoria_Tasmania","Rural"
3563,"Victoria_Tasmania","Rural"
3564,"Victoria_Tasmania","Rural"
3565,"Victoria_Tasmania","Rural"
3566,"Victoria_Tasmania","Rural"
3567,"Victoria_Tasmania","Rural"
3568,"Victoria_Tasmania","Rural"
3570,"Victoria_Tasmania","Rural"
3571,"Victoria_Tasmania","Rural"
3572,"Victoria_Tasmania","Rural"
3573,"Victoria_Tasmania","Rural"
3575,"Victoria_Tasmania","Rural"
3576,"Victoria_Tasmania","Rural"
3579,"Victoria_Tasmania","Rural"
3580,"Victoria_Tasmania","Rural"
3581,"Victoria_Tasmania","Rural"
3583,"Victoria_Tasmania","Rural"
3584,"Victoria_Tasmania","Rural"
3585,"Victoria_Tasmania","Rural"
3586,"Victoria_Tasmania","Rural"
3588,"Victoria_Tasmania","Rural"
3589,"Victoria_Tasmania","Rural"
3590,"Victoria_Tasmania","Rural"
3591,"Victoria_Tasmania","Rural"
3594,"Victoria_Tasmania","Rural"
3595,"Victoria_Tasmania","Rural"
3596,"Victoria_Tasmania","Rural"
3597,"Victoria_Tasmania","Rural"
3599,"Victoria_Tasmania","Rural"
3607,"Victoria_Tasmania","Rural"
3608,"Victoria_Tasmania","Rural"
3610,"Victoria_Tasmania","Rural"
3612,"Victoria_Tasmania","Rural"
3614,"Victoria_Tasmania","Rural"
3616,"Victoria_Tasmania","Rural"
3617,"Victoria_Tasmania","Rural"
3618,"Victoria_Tasmania","Rural"
3620,"Victoria_Tasmania","Rural"
3621,"Victoria_Tasmania","Rural"
3622,"Victoria_Tasmania","Rural"
3623,"Victoria_Tasmania","Rural"
3624,"Victoria_Tasmania","Rural"
3629,"Victoria_Tasmania","Rural"
3630,"Victoria_Tasmania","Rural"
3631,"Victoria_Tasmania","Rural"
3633,"Victoria_Tasmania","Rural"
3634,"Victoria_Tasmania","Rural"
3635,"Victoria_Tasmania","Rural"
3636,"Victoria_Tasmania","Rural"
3637,"Victoria_Tasmania","Rural"
3638,"Victoria_Tasmania","Rural"
3639,"Victoria_Tasmania","Rural"
3640,"Victoria_Tasmania","Rural"
3641,"Victoria_Tasmania","Rural"
3644,"Victoria_Tasmania","Rural"
3646,"Victoria_Tasmania","Rural"
3647,"Victoria_Tasmania","Rural"
3649,"Victoria_Tasmania","Rural"
3658,"Victoria_Tasmania","Rural"
3659,"Victoria_Tasmania","Rural"
3660,"Victoria_Tasmania","Rural"
3662,"Victoria_Tasmania","Rural"
3663,"Victoria_Tasmania","Rural"
3664,"Victoria_Tasmania","Rural"
3665,"Victoria_Tasmania","Rural"
3666,"Victoria_Tasmania","Rural"
3669,"Victoria_Tasmania","Rural"
3670,"Victoria_Tasmania","Rural"
3672,"Victoria_Tasmania","Rural"
3673,"Victoria_Tasmania","Rural"
3675,"Victoria_Tasmania","Rural"
3677,"Victoria_Tasmania","Rural"
3678,"Victoria_Tasmania","Rural"
3682,"Victoria_Tasmania","Rural"
3683,"Victoria_Tasmania","Rural"
3685,"Victoria_Tasmania","Rural"
3687,"Victoria_Tasmania","Rural"
3688,"Victoria_Tasmania","Rural"
3690,"Victoria_Tasmania","Rural"
3691,"Victoria_Tasmania","Rural"
3694,"Victoria_Tasmania","Rural"
3695,"Victoria_Tasmania","Rural"
3697,"Victoria_Tasmania","Rural"
3698,"Victoria_Tasmania","Rural"
3699,"Victoria_Tasmania","Rural"
3700,"Victoria_Tasmania","Rural"
3701,"Victoria_Tasmania","Rural"
3704,"Victoria_Tasmania","Rural"
3705,"Victoria_Tasmania","Rural"
3707,"Victoria_Tasmania","Rural"
3708,"Victoria_Tasmania","Rural"
3709,"Victoria_Tasmania","Rural"
3711,"Victoria_Tasmania","Rural"
3712,"Victoria_Tasmania","Rural"
3713,"Victoria_Tasmania","Rural"
3714,"Victoria_Tasmania","Rural"
3715,"Victoria_Tasmania","Rural"
3717,"Victoria_Tasmania","Rural"
3718,"Victoria_Tasmania","Rural"
3719,"Victoria_Tasmania","Rural"
3720,"Victoria_Tasmania","Rural"
3722,"Victoria_Tasmania","Rural"
3723,"Victoria_Tasmania","Rural"
3725,"Victoria_Tasmania","Rural"
3726,"Victoria_Tasmania","Rural"
3727,"Victoria_Tasmania","Rural"
3728,"Victoria_Tasmania","Rural"
3730,"Victoria_Tasmania","Rural"
3732,"Victoria_Tasmania","Rural"
3733,"Victoria_Tasmania","Rural"
3735,"Victoria_Tasmania","Rural"
3737,"Victoria_Tasmania","Rural"
3738,"Victoria_Tasmania","Rural"
3739,"Victoria_Tasmania","Rural"
3740,"Victoria_Tasmania","Rural"
3741,"Victoria_Tasmania","Rural"
3744,"Victoria_Tasmania","Rural"
3746,"Victoria_Tasmania","Rural"
3747,"Victoria_Tasmania","Rural"
3749,"Victoria_Tasmania","Rural"
3750,"Victoria_Tasmania","Urban"
3751,"Victoria_Tasmania","Urban"
3752,"Victoria_Tasmania","Urban"
3753,"Victoria_Tasmania","Urban"
3754,"Victoria_Tasmania","Urban"
3755,"Victoria_Tasmania","Urban"
3756,"Victoria_Tasmania","Urban"
3757,"Victoria_Tasmania","Rural"
3758,"Victoria_Tasmania","Rural"
3759,"Victoria_Tasmania","Urban"
3760,"Victoria_Tasmania","Rural"
3761,"Victoria_Tasmania","Rural"
3762,"Victoria_Tasmania","Rural"
3763,"Victoria_Tasmania","Rural"
3764,"Victoria_Tasmania","Rural"
3765,"Victoria_Tasmania","Urban"
3766,"Victoria_Tasmania","Urban"
3767,"Victoria_Tasmania","Urban"
3770,"Victoria_Tasmania","Urban"
3775,"Victoria_Tasmania","Rural"
3777,"Victoria_Tasmania","Rural"
3778,"Victoria_Tasmania","Rural"
3779,"Victoria_Tasmania","Rural"
3781,"Victoria_Tasmania","Urban"
3782,"Victoria_Tasmania","Urban"
3783,"Victoria_Tasmania","Urban"
3785,"Victoria_Tasmania","Urban"
3786,"Victoria_Tasmania","Urban"
3787,"Victoria_Tasmania","Urban"
3788,"Victoria_Tasmania","Urban"
3789,"Victoria_Tasmania","Urban"
3791,"Victoria_Tasmania","Urban"
3792,"Victoria_Tasmania","Urban"
3793,"Victoria_Tasmania","Urban"
3795,"Victoria_Tasmania","Urban"
3796,"Victoria_Tasmania","Urban"
3797,"Victoria_Tasmania","Rural"
3799,"Victoria_Tasmania","Rural"
3800,"Victoria_Tasmania","Urban"
3802,"Victoria_Tasmania","Urban"
3803,"Victoria_Tasmania","Urban"
3804,"Victoria_Tasmania","Urban"
3805,"Victoria_Tasmania","Urban"
3806,"Victoria_Tasmania","Urban"
3807,"Victoria_Tasmania","Urban"
3808,"Victoria_Tasmania","Urban"
3809,"Victoria_Tasmania","Urban"
3810,"Victoria_Tasmania","Urban"
3812,"Victoria_Tasmania","Rural"
3813,"Victoria_Tasmania","Rural"
3814,"Victoria_Tasmania","Rural"
3815,"Victoria_Tasmania","Rural"
3816,"Victoria_Tasmania","Rural"
3818,"Victoria_Tasmania","Rural"
3820,"Victoria_Tasmania","Rural"
3821,"Victoria_Tasmania","Rural"
3822,"Victoria_Tasmania","Rural"
3823,"Victoria_Tasmania","Rural"
3824,"Victoria_Tasmania","Rural"
3825,"Victoria_Tasmania","Rural"
3831,"Victoria_Tasmania","Rural"
3832,"Victoria_Tasmania","Rural"
3833,"Victoria_Tasmania","Rural"
3835,"Victoria_Tasmania","Rural"
3840,"Victoria_Tasmania","Rural"
3842,"Victoria_Tasmania","Rural"
3844,"Victoria_Tasmania","Rural"
3847,"Victoria_Tasmania","Rural"
3850,"Victoria_Tasmania","Rural"
3851,"Victoria_Tasmania","Rural"
3852,"Victoria_Tasmania","Rural"
3854,"Victoria_Tasmania","Rural"
3856,"Victoria_Tasmania","Rural"
3857,"Victoria_Tasmania","Rural"
3858,"Victoria_Tasmania","Rural"
3859,"Victoria_Tasmania","Rural"
3860,"Victoria_Tasmania","Rural"
3862,"Victoria_Tasmania","Rural"
3864,"Victoria_Tasmania","Rural"
3865,"Victoria_Tasmania","Rural"
3869,"Victoria_Tasmania","Rural"
3870,"Victoria_Tasmania","Rural"
3871,"Victoria_Tasmania","Rural"
3873,"Victoria_Tasmania","Rural"
3874,"Victoria_Tasmania","Rural"
3875,"Victoria_Tasmania","Rural"
3878,"Victoria_Tasmania","Rural"
3880,"Victoria_Tasmania","Rural"
3882,"Victoria_Tasmania","Rural"
3885,"Victoria_Tasmania","Rural"
3886,"Victoria_Tasmania","Rural"
3887,"Victoria_Tasmania","Rural"
3888,"Victoria_Tasmania","Rural"
3889,"Victoria_Tasmania","Rural"
3890,"Victoria_Tasmania","Rural"
3891,"Victoria_Tasmania","Rural"
3892,"Victoria_Tasmania","Rural"
3893,"Victoria_Tasmania","Rural"
3895,"Victoria_Tasmania","Rural"
3896,"Victoria_Tasmania","Rural"
3898,"Victoria_Tasmania","Rural"
3900,"Victoria_Tasmania","Rural"
3902,"Victoria_Tasmania","Rural"
3903,"Victoria_Tasmania","Rural"
3904,"Victoria_Tasmania","Rural"
3909,"Victoria_Tasmania","Rural"
3910,"Victoria_Tasmania","Urban"
3911,"Victoria_Tasmania","Urban"
3912,"Victoria_Tasmania","Urban"
3913,"Victoria_Tasmania","Urban"
3915,"Victoria_Tasmania","Urban"
3916,"Victoria_Tasmania","Rural"
3918,"Victoria_Tasmania","Urban"
3919,"Victoria_Tasmania","Urban"
3920,"Victoria_Tasmania","Urban"
3921,"Victoria_Tasmania","Rural"
3922,"Victoria_Tasmania","Rural"
3923,"Victoria_Tasmania","Rural"
3925,"Victoria_Tasmania","Rural"
3926,"Victoria_Tasmania","Urban"
3927,"Victoria_Tasmania","Urban"
3928,"Victoria_Tasmania","Rural"
3929,"Victoria_Tasmania","Rural"
3930,"Victoria_Tasmania","Urban"
3931,"Victoria_Tasmania","Urban"
3933,"Victoria_Tasmania","Urban"
3934,"Victoria_Tasmania","Urban"
3936,"Victoria_Tasmania","Urban"
3937,"Victoria_Tasmania","Rural"
3938,"Victoria_Tasmania","Urban"
3939,"Victoria_Tasmania","Urban"
3940,"Victoria_Tasmania","Urban"
3941,"Victoria_Tasmania","Urban"
3942,"Victoria_Tasmania","Urban"
3943,"Victoria_Tasmania","Urban"
3944,"Victoria_Tasmania","Urban"
3945,"Victoria_Tasmania","Rural"
3946,"Victoria_Tasmania","Rural"
3950,"Victoria_Tasmania","Rural"
3951,"Victoria_Tasmania","Rural"
3953,"Victoria_Tasmania","Rural"
3954,"Victoria_Tasmania","Rural"
3956,"Victoria_Tasmania","Rural"
3957,"Victoria_Tasmania","Rural"
3958,"Victoria_Tasmania","Rural"
3959,"Victoria_Tasmania","Rural"
3960,"Victoria_Tasmania","Rural"
3962,"Victoria_Tasmania","Rural"
3964,"Victoria_Tasmania","Rural"
3965,"Victoria_Tasmania","Rural"
3966,"Victoria_Tasmania","Rural"
3967,"Victoria_Tasmania","Rural"
3971,"Victoria_Tasmania","Rural"
3975,"Victoria_Tasmania","Urban"
3976,"Victoria_Tasmania","Urban"
3977,"Victoria_Tasmania","Urban"
3978,"Victoria_Tasmania","Urban"
3979,"Victoria_Tasmania","Rural"
3980,"Victoria_Tasmania","Rural"
3981,"Victoria_Tasmania","Rural"
3984,"Victoria_Tasmania","Rural"
3987,"Victoria_Tasmania","Rural"
3988,"Victoria_Tasmania","Rural"
3990,"Victoria_Tasmania","Rural"
3991,"Victoria_Tasmania","Rural"
3992,"Victoria_Tasmania","Rural"
3995,"Victoria_Tasmania","Rural"
3996,"Victoria_Tasmania","Rural"
4000,"Queensland","Urban"
4005,"Queensland","Urban"
4006,"Queensland","Urban"
4007,"Queensland","Urban"
4008,"Queensland","Urban"
4009,"Queensland","Urban"
4010,"Queensland","Urban"
4011,"Queensland","Urban"
4012,"Queensland","Urban"
4013,"Queensland","Urban"
4014,"Queensland","Urban"
4017,"Queensland","Urban"
4018,"Queensland","Urban"
4019,"Queensland","Urban"
4020,"Queensland","Urban"
4021,"Queensland","Urban"
4022,"Queensland","Urban"
4025,"Queensland","Rural"
4029,"Queensland","Urban"
4030,"Queensland","Urban"
4031,"Queensland","Urban"
4032,"Queensland","Urban"
4034,"Queensland","Urban"
4035,"Queensland","Urban"
4036,"Queensland","Urban"
4037,"Queensland","Urban"
4051,"Queensland","Urban"
4053,"Queensland","Urban"
4054,"Queensland","Urban"
4055,"Queensland","Urban"
4059,"Queensland","Urban"
4060,"Queensland","Urban"
4061,"Queensland","Urban"
4064,"Queensland","Urban"
4065,"Queensland","Urban"
4066,"Queensland","Urban"
4067,"Queensland","Urban"
4068,"Queensland","Urban"
4069,"Queensland","Urban"
4070,"Queensland","Urban"
4072,"Queensland","Urban"
4073,"Queensland","Urban"
4074,"Queensland","Urban"
4075,"Queensland","Urban"
4076,"Queensland","Urban"
4077,"Queensland","Urban"
4078,"Queensland","Urban"
4101,"Queensland","Urban"
4102,"Queensland","Urban"
4103,"Queensland","Urban"
4104,"Queensland","Urban"
4105,"Queensland","Urban"
4106,"Queensland","Urban"
4107,"Queensland","Urban"
4108,"Queensland","Urban"
4109,"Queensland","Urban"
4110,"Queensland","Urban"
4111,"Queensland","Urban"
4112,"Queensland","Urban"
4113,"Queensland","Urban"
4114,"Queensland","Urban"
4115,"Queensland","Urban"
4116,"Queensland","Urban"
4117,"Queensland","Urban"
4118,"Queensland","Urban"
4119,"Queensland","Urban"
4120,"Queensland","Urban"
4121,"Queensland","Urban"
4122,"Queensland","Urban"
4123,"Queensland","Urban"
4124,"Queensland","Urban"
4125,"Queensland","Urban"
4127,"Queensland","Urban"
4128,"Queensland","Urban"
4129,"Queensland","Urban"
4130,"Queensland","Urban"
4131,"Queensland","Urban"
4132,"Queensland","Urban"
4133,"Queensland","Urban"
4151,"Queensland","Urban"
4152,"Queensland","Urban"
4153,"Queensland","Urban"
4154,"Queensland","Urban"
4155,"Queensland","Urban"
4156,"Queensland","Urban"
4157,"Queensland","Urban"
4158,"Queensland","Urban"
4159,"Queensland","Urban"
4160,"Queensland","Urban"
4161,"Queensland","Urban"
4163,"Queensland","Urban"
4164,"Queensland","Urban"
4165,"Queensland","Urban"
4169,"Queensland","Urban"
4170,"Queensland","Urban"
4171,"Queensland","Urban"
4172,"Queensland","Urban"
4173,"Queensland","Urban"
4174,"Queensland","Urban"
4178,"Queensland","Urban"
4179,"Queensland","Urban"
4183,"Queensland","Rural"
4184,"Queensland","Rural"
4205,"Queensland","Urban"
4207,"Queensland","Urban"
4208,"Queensland","Urban"
4209,"Queensland","Urban"
4210,"Queensland","Urban"
4211,"Queensland","Urban"
4212,"Queensland","Urban"
4213,"Queensland","Urban"
4214,"Queensland","Urban"
4215,"Queensland","Urban"
4216,"Queensland","Urban"
4217,"Queensland","Urban"
4218,"Queensland","Urban"
4220,"Queensland","Urban"
4221,"Queensland","Urban"
4222,"Queensland","Urban"
4223,"Queensland","Urban"
4224,"Queensland","Urban"
4225,"Queensland","Urban"
4226,"Queensland","Urban"
4227,"Queensland","Urban"
4228,"Queensland","Urban"
4229,"Queensland","Urban"
4230,"Queensland","Urban"
4270,"Queensland","Rural"
4271,"Queensland","Urban"
4272,"Queensland","Urban"
4275,"Queensland","Rural"
4280,"Queensland","Urban"
4285,"Queensland","Rural"
4287,"Queensland","Rural"
4300,"Queensland","Urban"
4301,"Queensland","Urban"
4303,"Queensland","Urban"
4304,"Queensland","Urban"
4305,"Queensland","Urban"
4306,"Queensland","Urban"
4307,"Queensland","Rural"
4309,"Queensland","Rural"
4310,"Queensland","Rural"
4311,"Queensland","Rural"
4312,"Queensland","Rural"
4313,"Queensland","Rural"
4340,"Queensland","Rural"
4341,"Queensland","Rural"
4342,"Queensland","Rural"
4343,"Queensland","Rural"
4344,"Queensland","Rural"
4345,"Queensland","Rural"
4346,"Queensland","Rural"
4347,"Queensland","Rural"
4350,"Queensland","Rural"
4352,"Queensland","Rural"
4353,"Queensland","Rural"
4354,"Queensland","Rural"
4355,"Queensland","Rural"
4356,"Queensland","Rural"
4357,"Queensland","Rural"
4358,"Queensland","Rural"
4359,"Queensland","Rural"
4360,"Queensland","Rural"
4361,"Queensland","Rural"
4362,"Queensland","Rural"
4363,"Queensland","Rural"
4364,"Queensland","Rural"
4365,"Queensland","Rural"
4370,"Queensland","Rural"
4371,"Queensland","Rural"
4372,"Queensland","Rural"
4373,"Queensland","Rural"
4374,"Queensland","Rural"
4375,"Queensland","Rural"
4376,"Queensland","Rural"
4377,"Queensland","Rural"
4378,"Queensland","Rural"
4380,"Queensland","Rural"
4381,"Queensland","Rural"
4382,"Queensland","Rural"
4383,"Queensland","Rural"
4384,"Queensland","Rural"
4385,"Queensland","Rural"
4387,"Queensland","Rural"
4388,"Queensland","Rural"
4390,"Queensland","Rural"
4400,"Queensland","Rural"
4401,"Queensland","Rural"
4402,"Queensland","Rural"
4403,"Queensland","Rural"
4404,"Queensland","Rural"
4405,"Queensland","Rural"
4406,"Queensland","Rural"
4407,"Queensland","Rural"
4408,"Queensland","Rural"
4410,"Queensland","Rural"
4411,"Queensland","Rural"
4412,"Queensland","Rural"
4413,"Queensland","Rural"
4415,"Queensland","Rural"
4416,"Queensland","Rural"
4417,"Queensland","Rural"
4418,"Queensland","Rural"
4419,"Queensland","Rural"
4420,"Queensland","Rural"
4421,"Queensland","Rural"
4422,"Queensland","Rural"
4423,"Queensland","Rural"
4424,"Queensland","Rural"
4425,"Queensland","Rural"
4426,"Queensland","Rural"
4427,"Queensland","Rural"
4428,"Queensland","Rural"
4454,"Queensland","Rural"
4455,"Queensland","Rural"
4461,"Queensland","Rural"
4462,"Queensland","Rural"
4465,"Queensland","Rural"
4467,"Queensland","Rural"
4468,"Queensland","Rural"
4470,"Queensland","Rural"
4472,"Queensland","Rural"
4474,"Queensland","Rural"
4475,"Queensland","Rural"
4477,"Queensland","Rural"
4478,"Queensland","Rural"
4479,"Queensland","Rural"
4480,"Queensland","Rural"
4481,"Queensland","Rural"
4482,"Queensland","Rural"
4486,"Queensland","Rural"
4487,"Queensland","Rural"
4488,"Queensland","Rural"
4489,"Queensland","Rural"
4490,"Queensland","Rural"
4491,"Queensland","Rural"
4492,"Queensland","Rural"
4493,"Queensland","Rural"
4494,"Queensland","Rural"
4496,"Queensland","Rural"
4497,"Queensland","Rural"
4498,"Queensland","Rural"
4500,"Queensland","Urban"
4501,"Queensland","Urban"
4502,"Queensland","Urban"
4503,"Queensland","Urban"
4504,"Queensland","Urban"
4505,"Queensland","Urban"
4506,"Queensland","Urban"
4507,"Queensland","Rural"
4508,"Queensland","Urban"
4509,"Queensland","Urban"
4510,"Queensland","Urban"
4511,"Queensland","Urban"
4512,"Queensland","Urban"
4514,"Queensland","Rural"
4515,"Queensland","Rural"
4516,"Queensland","Urban"
4517,"Queensland","Rural"
4518,"Queensland","Rural"
4519,"Queensland","Rural"
4520,"Queensland","Rural"
4521,"Queensland","Rural"
4550,"Queensland","Rural"
4551,"Queensland","Urban"
4552,"Queensland","Rural"
4553,"Queensland","Rural"
4554,"Queensland","Rural"
4555,"Queensland","Urban"
4556,"Queensland","Urban"
4557,"Queensland","Urban"
4558,"Queensland","Urban"
4559,"Queensland","Urban"
4560,"Queensland","Urban"
4561,"Queensland","Rural"
4562,"Queensland","Rural"
4563,"Queensland","Rural"
4564,"Queensland","Urban"
4565,"Queensland","Urban"
4566,"Queensland","Urban"
4567,"Queensland","Urban"
4568,"Queensland","Rural"
4569,"Queensland","Rural"
4570,"Queensland","Rural"
4571,"Queensland","Rural"
4572,"Queensland","Urban"
4573,"Queensland","Urban"
4574,"Queensland","Rural"
4575,"Queensland","Urban"
4580,"Queensland","Rural"
4581,"Queensland","Rural"
4600,"Queensland","Rural"
4601,"Queensland","Rural"
4605,"Queensland","Rural"
4606,"Queensland","Rural"
4608,"Queensland","Rural"
4610,"Queensland","Rural"
4611,"Queensland","Rural"
4612,"Queensland","Rural"
4613,"Queensland","Rural"
4614,"Queensland","Rural"
4615,"Queensland","Rural"
4620,"Queensland","Rural"
4621,"Queensland","Rural"
4625,"Queensland","Rural"
4626,"Queensland","Rural"
4627,"Queensland","Rural"
4630,"Queensland","Rural"
4650,"Queensland","Rural"
4655,"Queensland","Rural"
4659,"Queensland","Rural"
4660,"Queensland","Rural"
4662,"Queensland","Rural"
4670,"Queensland","Rural"
4671,"Queensland","Rural"
4673,"Queensland","Rural"
4674,"Queensland","Rural"
4676,"Queensland","Rural"
4677,"Queensland","Rural"
4678,"Queensland","Rural"
4680,"Queensland","Rural"
4694,"Queensland","Rural"
4695,"Queensland","Rural"
4697,"Queensland","Rural"
4699,"Queensland","Rural"
4700,"Queensland","Rural"
4701,"Queensland","Rural"
4702,"Queensland","Rural"
4703,"Queensland","Rural"
4704,"Queensland","Rural"
4705,"Queensland","Rural"
4706,"Queensland","Rural"
4707,"Queensland","Rural"
4709,"Queensland","Rural"
4710,"Queensland","Rural"
4711,"Queensland","Rural"
4712,"Queensland","Rural"
4713,"Queensland","Rural"
4714,"Queensland","Rural"
4715,"Queensland","Rural"
4716,"Queensland","Rural"
4717,"Queensland","Rural"
4718,"Queensland","Rural"
4719,"Queensland","Rural"
4720,"Queensland","Rural"
4721,"Queensland","Rural"
4722,"Queensland","Rural"
4723,"Queensland","Rural"
4724,"Queensland","Rural"
4725,"Queensland","Rural"
4726,"Queensland","Rural"
4727,"Queensland","Rural"
4728,"Queensland","Rural"
4730,"Queensland","Rural"
4731,"Queensland","Rural"
4732,"Queensland","Rural"
4733,"Queensland","Rural"
4735,"Queensland","Rural"
4736,"Queensland","Rural"
4737,"Queensland","Rural"
4738,"Queensland","Rural"
4739,"Queensland","Rural"
4740,"Queensland","Rural"
4741,"Queensland","Rural"
4742,"Queensland","Rural"
4743,"Queensland","Rural"
4744,"Queensland","Rural"
4745,"Queensland","Rural"
4746,"Queensland","Rural"
4750,"Queensland","Rural"
4751,"Queensland","Rural"
4753,"Queensland","Rural"
4754,"Queensland","Rural"
4756,"Queensland","Rural"
4757,"Queensland","Rural"
4798,"Queensland","Rural"
4799,"Queensland","Rural"
4800,"Queensland","Rural"
4801,"Queensland","Rural"
4802,"Queensland","Rural"
4803,"Queensland","Rural"
4804,"Queensland","Rural"
4805,"Queensland","Rural"
4806,"Queensland","Rural"
4807,"Queensland","Rural"
4808,"Queensland","Rural"
4809,"Queensland","Rural"
4810,"Queensland","Rural"
4811,"Queensland","Rural"
4812,"Queensland","Rural"
4814,"Queensland","Rural"
4815,"Queensland","Rural"
4816,"Queensland","Rural"
4817,"Queensland","Rural"
4818,"Queensland","Rural"
4819,"Queensland","Rural"
4820,"Queensland","Rural"
4821,"Queensland","Rural"
4822,"Queensland","Rural"
4823,"Queensland","Rural"
4824,"Queensland","Rural"
4825,"Queensland","Rural"
4828,"Queensland","Rural"
4829,"Queensland","Rural"
4830,"Queensland","Rural"
4849,"Queensland","Rural"
4850,"Queensland","Rural"
4852,"Queensland","Rural"
4854,"Queensland","Rural"
4855,"Queensland","Rural"
4856,"Queensland","Rural"
4858,"Queensland","Rural"
4859,"Queensland","Rural"
4860,"Queensland","Rural"
4861,"Queensland","Rural"
4865,"Queensland","Rural"
4868,"Queensland","Rural"
4869,"Queensland","Rural"
4870,"Queensland","Rural"
4871,"Queensland","Rural"
4872,"Queensland","Rural"
4873,"Queensland","Rural"
4874,"Queensland","Rural"
4875,"Queensland","Rural"
4876,"Queensland","Rural"
4877,"Queensland","Rural"
4878,"Queensland","Rural"
4879,"Queensland","Rural"
4880,"Queensland","Rural"
4881,"Queensland","Rural"
4882,"Queensland","Rural"
4883,"Queensland","Rural"
4884,"Queensland","Rural"
4885,"Queensland","Rural"
4886,"Queensland","Rural"
4887,"Queensland","Rural"
4888,"Queensland","Rural"
4890,"Queensland","Rural"
4891,"Queensland","Rural"
4892,"Queensland","Rural"
4895,"Queensland","Rural"
5000,"South_Australia","Urban"
5005,"South_Australia","Urban"
5006,"South_Australia","Urban"
5007,"South_Australia","Urban"
5008,"South_Australia","Urban"
5009,"South_Australia","Urban"
5010,"South_Australia","Urban"
5011,"South_Australia","Urban"
5012,"South_Australia","Urban"
5013,"South_Australia","Urban"
5014,"South_Australia","Urban"
5015,"South_Australia","Urban"
5016,"South_Australia","Urban"
5017,"South_Australia","Urban"
5018,"South_Australia","Urban"
5019,"South_Australia","Urban"
5020,"South_Australia","Urban"
5021,"South_Australia","Urban"
5022,"South_Australia","Urban"
5023,"South_Australia","Urban"
5024,"South_Australia","Urban"
5025,"South_Australia","Urban"
5031,"South_Australia","Urban"
5032,"South_Australia","Urban"
5033,"South_Australia","Urban"
5034,"South_Australia","Urban"
5035,"South_Australia","Urban"
5037,"South_Australia","Urban"
5038,"South_Australia","Urban"
5039,"South_Australia","Urban"
5040,"South_Australia","Urban"
5041,"South_Australia","Urban"
5042,"South_Australia","Urban"
5043,"South_Australia","Urban"
5044,"South_Australia","Urban"
5045,"South_Australia","Urban"
5046,"South_Australia","Urban"
5047,"South_Australia","Urban"
5048,"South_Australia","Urban"
5049,"South_Australia","Urban"
5050,"South_Australia","Urban"
5051,"South_Australia","Urban"
5052,"South_Australia","Urban"
5061,"South_Australia","Urban"
5062,"South_Australia","Urban"
5063,"South_Australia","Urban"
5064,"South_Australia","Urban"
5065,"South_Australia","Urban"
5066,"South_Australia","Urban"
5067,"South_Australia","Urban"
5068,"South_Australia","Urban"
5069,"South_Australia","Urban"
5070,"South_Australia","Urban"
5072,"South_Australia","Urban"
5073,"South_Australia","Urban"
5074,"South_Australia","Urban"
5075,"South_Australia","Urban"
5076,"South_Australia","Urban"
5081,"South_Australia","Urban"
5082,"South_Australia","Urban"
5083,"South_Australia","Urban"
5084,"South_Australia","Urban"
5085,"South_Australia","Urban"
5086,"South_Australia","Urban"
5087,"South_Australia","Urban"
5088,"South_Australia","Urban"
5089,"South_Australia","Urban"
5090,"South_Australia","Urban"
5091,"South_Australia","Urban"
5092,"South_Australia","Urban"
5093,"South_Australia","Urban"
5094,"South_Australia","Urban"
5095,"South_Australia","Urban"
5096,"South_Australia","Urban"
5097,"South_Australia","Urban"
5098,"South_Australia","Urban"
5106,"South_Australia","Urban"
5107,"South_Australia","Urban"
5108,"South_Australia","Urban"
5109,"South_Australia","Urban"
5110,"South_Australia","Urban"
5111,"South_Australia","Urban"
5112,"South_Australia","Urban"
5113,"South_Australia","Urban"
5114,"South_Australia","Urban"
5115,"South_Australia","Urban"
5116,"South_Australia","Urban"
5117,"South_Australia","Urban"
5118,"South_Australia","Urban"
5120,"South_Australia","Rural"
5121,"South_Australia","Urban"
5125,"South_Australia","Urban"
5126,"South_Australia","Urban"
5127,"South_Australia","Urban"
5131,"South_Australia","Urban"
5132,"South_Australia","Rural"
5133,"South_Australia","Rural"
5134,"South_Australia","Rural"
5136,"South_Australia","Urban"
5137,"South_Australia","Urban"
5138,"South_Australia","Rural"
5139,"South_Australia","Rural"
5140,"South_Australia","Urban"
5141,"South_Australia","Urban"
5142,"South_Australia","Urban"
5144,"South_Australia","Rural"
5150,"South_Australia","Urban"
5151,"South_Australia","Urban"
5152,"South_Australia","Urban"
5153,"South_Australia","Rural"
5154,"South_Australia","Urban"
5155,"South_Australia","Urban"
5156,"South_Australia","Urban"
5157,"South_Australia","Rural"
5158,"South_Australia","Urban"
5159,"South_Australia","Urban"
5160,"South_Australia","Urban"
5161,"South_Australia","Urban"
5162,"South_Australia","Urban"
5163,"South_Australia","Urban"
5164,"South_Australia","Urban"
5165,"South_Australia","Urban"
5166,"South_Australia","Urban"
5167,"South_Australia","Urban"
5168,"South_Australia","Urban"
5169,"South_Australia","Urban"
5170,"South_Australia","Urban"
5171,"South_Australia","Urban"
5172,"South_Australia","Urban"
5173,"South_Australia","Urban"
5174,"South_Australia","Urban"
5201,"South_Australia","Rural"
5202,"South_Australia","Rural"
5203,"South_Australia","Rural"
5204,"South_Australia","Rural"
5210,"South_Australia","Rural"
5211,"South_Australia","Rural"
5212,"South_Australia","Rural"
5213,"South_Australia","Rural"
5214,"South_Australia","Rural"
5220,"South_Australia","Rural"
5221,"South_Australia","Rural"
5222,"South_Australia","Rural"
5223,"South_Australia","Rural"
5231,"South_Australia","Rural"
5232,"South_Australia","Rural"
5233,"South_Australia","Rural"
5234,"South_Australia","Rural"
5235,"South_Australia","Rural"
5236,"South_Australia","Rural"
5237,"South_Australia","Rural"
5238,"South_Australia","Rural"
5240,"South_Australia","Rural"
5241,"South_Australia","Rural"
5242,"South_Australia","Rural"
5243,"South_Australia","Rural"
5244,"South_Australia","Rural"
5245,"South_Australia","Rural"
5250,"South_Australia","Rural"
5251,"South_Australia","Rural"
5252,"South_Australia","Rural"
5253,"South_Australia","Rural"
5254,"South_Australia","Rural"
5255,"South_Australia","Rural"
5256,"South_Australia","Rural"
5259,"South_Australia","Rural"
5260,"South_Australia","Rural"
5261,"South_Australia","Rural"
5262,"South_Australia","Rural"
5263,"South_Australia","Rural"
5264,"South_Australia","Rural"
5265,"South_Australia","Rural"
5266,"South_Australia","Rural"
5267,"South_Australia","Rural"
5268,"South_Australia","Rural"
5269,"South_Australia","Rural"
5270,"South_Australia","Rural"
5271,"South_Australia","Rural"
5272,"South_Australia","Rural"
5273,"South_Australia","Rural"
5275,"South_Australia","Rural"
5276,"South_Australia","Rural"
5277,"South_Australia","Rural"
5278,"South_Australia","Rural"
5279,"South_Australia","Rural"
5280,"South_Australia","Rural"
5290,"South_Australia","Rural"
5291,"South_Australia","Rural"
5301,"South_Australia","Rural"
5302,"South_Australia","Rural"
5303,"South_Australia","Rural"
5304,"South_Australia","Rural"
5306,"South_Australia","Rural"
5307,"South_Australia","Rural"
5308,"South_Australia","Rural"
5309,"South_Australia","Rural"
5310,"South_Australia","Rural"
5311,"South_Australia","Rural"
5320,"South_Australia","Rural"
5321,"South_Australia","Rural"
5322,"South_Australia","Rural"
5330,"South_Australia","Rural"
5331,"South_Australia","Rural"
5332,"South_Australia","Rural"
5333,"South_Australia","Rural"
5340,"South_Australia","Rural"
5341,"South_Australia","Rural"
5342,"South_Australia","Rural"
5343,"South_Australia","Rural"
5344,"South_Australia","Rural"
5345,"South_Australia","Rural"
5346,"South_Australia","Rural"
5350,"South_Australia","Rural"
5351,"South_Australia","Rural"
5352,"South_Australia","Rural"
5353,"South_Australia","Rural"
5354,"South_Australia","Rural"
5355,"South_Australia","Rural"
5356,"South_Australia","Rural"
5357,"South_Australia","Rural"
5360,"South_Australia","Rural"
5371,"South_Australia","Rural"
5372,"South_Australia","Rural"
5373,"South_Australia","Rural"
5374,"South_Australia","Rural"
5381,"South_Australia","Rural"
5400,"South_Australia","Rural"
5401,"South_Australia","Rural"
5410,"South_Australia","Rural"
5411,"South_Australia","Rural"
5412,"South_Australia","Rural"
5413,"South_Australia","Rural"
5414,"South_Australia","Rural"
5415,"South_Australia","Rural"
5416,"South_Australia","Rural"
5417,"South_Australia","Rural"
5418,"South_Australia","Rural"
5419,"South_Australia","Rural"
5420,"South_Australia","Rural"
5421,"South_Australia","Rural"
5422,"South_Australia","Rural"
5431,"South_Australia","Rural"
5432,"South_Australia","Rural"
5433,"South_Australia","Rural"
5434,"South_Australia","Rural"
5440,"South_Australia","Rural"
5451,"South_Australia","Rural"
5452,"South_Australia","Rural"
5453,"South_Australia","Rural"
5454,"South_Australia","Rural"
5455,"South_Australia","Rural"
5460,"South_Australia","Rural"
5461,"South_Australia","Rural"
5462,"South_Australia","Rural"
5464,"South_Australia","Rural"
5470,"South_Australia","Rural"
5471,"South_Australia","Rural"
5472,"South_Australia","Rural"
5473,"South_Australia","Rural"
5480,"South_Australia","Rural"
5481,"South_Australia","Rural"
5482,"South_Australia","Rural"
5483,"South_Australia","Rural"
5485,"South_Australia","Rural"
5490,"South_Australia","Rural"
5491,"South_Australia","Rural"
5493,"South_Australia","Rural"
5495,"South_Australia","Rural"
5501,"South_Australia","Rural"
5502,"South_Australia","Rural"
5510,"South_Australia","Rural"
5520,"South_Australia","Rural"
5521,"South_Australia","Rural"
5522,"South_Australia","Rural"
5523,"South_Australia","Rural"
5540,"South_Australia","Rural"
5550,"South_Australia","Rural"
5552,"South_Australia","Rural"
5554,"South_Australia","Rural"
5555,"South_Australia","Rural"
5556,"South_Australia","Rural"
5558,"South_Australia","Rural"
5560,"South_Australia","Rural"
5570,"South_Australia","Rural"
5571,"South_Australia","Rural"
5572,"South_Australia","Rural"
5573,"South_Australia","Rural"
5575,"South_Australia","Rural"
5576,"South_Australia","Rural"
5577,"South_Australia","Rural"
5580,"South_Australia","Rural"
5581,"South_Australia","Rural"
5582,"South_Australia","Rural"
5583,"South_Australia","Rural"
5600,"South_Australia","Rural"
5601,"South_Australia","Rural"
5602,"South_Australia","Rural"
5603,"South_Australia","Rural"
5604,"South_Australia","Rural"
5605,"South_Australia","Rural"
5606,"South_Australia","Rural"
5607,"South_Australia","Rural"
5608,"South_Australia","Rural"
5609,"South_Australia","Rural"
5630,"South_Australia","Rural"
5631,"South_Australia","Rural"
5632,"South_Australia","Rural"
5633,"South_Australia","Rural"
5640,"South_Australia","Rural"
5641,"South_Australia","Rural"
5642,"South_Australia","Rural"
5650,"South_Australia","Rural"
5651,"South_Australia","Rural"
5652,"South_Australia","Rural"
5653,"South_Australia","Rural"
5654,"South_Australia","Rural"
5655,"South_Australia","Rural"
5660,"South_Australia","Rural"
5661,"South_Australia","Rural"
5670,"South_Australia","Rural"
5671,"South_Australia","Rural"
5680,"South_Australia","Rural"
5690,"South_Australia","Rural"
5700,"South_Australia","Rural"
5701,"South_Australia","Rural"
5710,"South_Australia","Rural"
5713,"South_Australia","Rural"
5715,"South_Australia","Rural"
5717,"South_Australia","Rural"
5719,"South_Australia","Rural"
5720,"South_Australia","Rural"
5722,"South_Australia","Rural"
5723,"South_Australia","Rural"
5724,"South_Australia","Rural"
5725,"South_Australia","Rural"
5730,"South_Australia","Rural"
5731,"South_Australia","Rural"
5732,"South_Australia","Rural"
5733,"South_Australia","Rural"
5734,"South_Australia","Rural"
5950,"South_Australia","Urban"
5960,"South_Australia","Urban"
6000,"Western_Australia","Urban"
6003,"Western_Australia","Urban"
6004,"Western_Australia","Urban"
6005,"Western_Australia","Urban"
6006,"Western_Australia","Urban"
6007,"Western_Australia","Urban"
6008,"Western_Australia","Urban"
6009,"Western_Australia","Urban"
6010,"Western_Australia","Urban"
6011,"Western_Australia","Urban"
6012,"Western_Australia","Urban"
6014,"Western_Australia","Urban"
6015,"Western_Australia","Urban"
6016,"Western_Australia","Urban"
6017,"Western_Australia","Urban"
6018,"Western_Australia","Urban"
6019,"Western_Australia","Urban"
6020,"Western_Australia","Urban"
6021,"Western_Australia","Urban"
6022,"Western_Australia","Urban"
6023,"Western_Australia","Urban"
6024,"Western_Australia","Urban"
6025,"Western_Australia","Urban"
6026,"Western_Australia","Urban"
6027,"Western_Australia","Urban"
6028,"Western_Australia","Urban"
6029,"Western_Australia","Urban"
6030,"Western_Australia","Urban"
6031,"Western_Australia","Urban"
6032,"Western_Australia","Urban"
6033,"Western_Australia","Urban"
6034,"Western_Australia","Urban"
6035,"Western_Australia","Urban"
6036,"Western_Australia","Urban"
6037,"Western_Australia","Rural"
6038,"Western_Australia","Urban"
6041,"Western_Australia","Rural"
6042,"Western_Australia","Rural"
6043,"Western_Australia","Rural"
6044,"Western_Australia","Rural"
6050,"Western_Australia","Urban"
6051,"Western_Australia","Urban"
6052,"Western_Australia","Urban"
6053,"Western_Australia","Urban"
6054,"Western_Australia","Urban"
6055,"Western_Australia","Urban"
6056,"Western_Australia","Urban"
6057,"Western_Australia","Urban"
6058,"Western_Australia","Urban"
6059,"Western_Australia","Urban"
6060,"Western_Australia","Urban"
6061,"Western_Australia","Urban"
6062,"Western_Australia","Urban"
6063,"Western_Australia","Urban"
6064,"Western_Australia","Urban"
6065,"Western_Australia","Urban"
6066,"Western_Australia","Urban"
6067,"Western_Australia","Urban"
6068,"Western_Australia","Urban"
6069,"Western_Australia","Urban"
6070,"Western_Australia","Urban"
6071,"Western_Australia","Urban"
6072,"Western_Australia","Urban"
6073,"Western_Australia","Urban"
6074,"Western_Australia","Urban"
6076,"Western_Australia","Urban"
6077,"Western_Australia","Urban"
6078,"Western_Australia","Urban"
6079,"Western_Australia","Urban"
6081,"Western_Australia","Urban"
6082,"Western_Australia","Urban"
6083,"Western_Australia","Rural"
6084,"Western_Australia","Rural"
6090,"Western_Australia","Urban"
6100,"Western_Australia","Urban"
6101,"Western_Australia","Urban"
6102,"Western_Australia","Urban"
6103,"Western_Australia","Urban"
6104,"Western_Australia","Urban"
6105,"Western_Australia","Urban"
6106,"Western_Australia","Urban"
6107,"Western_Australia","Urban"
6108,"Western_Australia","Urban"
6109,"Western_Australia","Urban"
6110,"Western_Australia","Urban"
6111,"Western_Australia","Urban"
6112,"Western_Australia","Urban"
6121,"Western_Australia","Urban"
6122,"Western_Australia","Urban"
6123,"Western_Australia","Urban"
6124,"Western_Australia","Rural"
6125,"Western_Australia","Rural"
6126,"Western_Australia","Rural"
6147,"Western_Australia","Urban"
6148,"Western_Australia","Urban"
6149,"Western_Australia","Urban"
6150,"Western_Australia","Urban"
6151,"Western_Australia","Urban"
6152,"Western_Australia","Urban"
6153,"Western_Australia","Urban"
6154,"Western_Australia","Urban"
6155,"Western_Australia","Urban"
6156,"Western_Australia","Urban"
6157,"Western_Australia","Urban"
6158,"Western_Australia","Urban"
6159,"Western_Australia","Urban"
6160,"Western_Australia","Urban"
6161,"Western_Australia","Rural"
6162,"Western_Australia","Urban"
6163,"Western_Australia","Urban"
6164,"Western_Australia","Urban"
6165,"Western_Australia","Urban"
6166,"Western_Australia","Urban"
6167,"Western_Australia","Urban"
6168,"Western_Australia","Urban"
6169,"Western_Australia","Urban"
6170,"Western_Australia","Urban"
6171,"Western_Australia","Urban"
6172,"Western_Australia","Urban"
6173,"Western_Australia","Urban"
6174,"Western_Australia","Urban"
6175,"Western_Australia","Urban"
6176,"Western_Australia","Urban"
6180,"Western_Australia","Urban"
6181,"Western_Australia","Urban"
6182,"Western_Australia","Urban"
6207,"Western_Australia","Rural"
6208,"Western_Australia","Urban"
6209,"Western_Australia","Urban"
6210,"Western_Australia","Urban"
6211,"Western_Australia","Urban"
6213,"Western_Australia","Rural"
6214,"Western_Australia","Rural"
6215,"Western_Australia","Rural"
6218,"Western_Australia","Rural"
6220,"Western_Australia","Rural"
6221,"Western_Australia","Rural"
6223,"Western_Australia","Rural"
6224,"Western_Australia","Rural"
6225,"Western_Australia","Rural"
6226,"Western_Australia","Rural"
6227,"Western_Australia","Rural"
6228,"Western_Australia","Rural"
6229,"Western_Australia","Rural"
6230,"Western_Australia","Rural"
6232,"Western_Australia","Rural"
6233,"Western_Australia","Rural"
6236,"Western_Australia","Rural"
6237,"Western_Australia","Rural"
6239,"Western_Australia","Rural"
6240,"Western_Australia","Rural"
6243,"Western_Australia","Rural"
6244,"Western_Australia","Rural"
6251,"Western_Australia","Rural"
6252,"Western_Australia","Rural"
6253,"Western_Australia","Rural"
6254,"Western_Australia","Rural"
6255,"Western_Australia","Rural"
6256,"Western_Australia","Rural"
6258,"Western_Australia","Rural"
6260,"Western_Australia","Rural"
6262,"Western_Australia","Rural"
6271,"Western_Australia","Rural"
6275,"Western_Australia","Rural"
6280,"Western_Australia","Rural"
6281,"Western_Australia","Rural"
6282,"Western_Australia","Rural"
6284,"Western_Australia","Rural"
6285,"Western_Australia","Rural"
6286,"Western_Australia","Rural"
6288,"Western_Australia","Rural"
6290,"Western_Australia","Rural"
6302,"Western_Australia","Rural"
6304,"Western_Australia","Rural"
6306,"Western_Australia","Rural"
6308,"Western_Australia","Rural"
6309,"Western_Australia","Rural"
6311,"Western_Australia","Rural"
6312,"Western_Australia","Rural"
6313,"Western_Australia","Rural"
6315,"Western_Australia","Rural"
6316,"Western_Australia","Rural"
6317,"Western_Australia","Rural"
6318,"Western_Australia","Rural"
6320,"Western_Australia","Rural"
6321,"Western_Australia","Rural"
6322,"Western_Australia","Rural"
6323,"Western_Australia","Rural"
6324,"Western_Australia","Rural"
6326,"Western_Australia","Rural"
6327,"Western_Australia","Rural"
6328,"Western_Australia","Rural"
6330,"Western_Australia","Rural"
6333,"Western_Australia","Rural"
6335,"Western_Australia","Rural"
6336,"Western_Australia","Rural"
6337,"Western_Australia","Rural"
6338,"Western_Australia","Rural"
6341,"Western_Australia","Rural"
6343,"Western_Australia","Rural"
6346,"Western_Australia","Rural"
6348,"Western_Australia","Rural"
6350,"Western_Australia","Rural"
6351,"Western_Australia","Rural"
6352,"Western_Australia","Rural"
6353,"Western_Australia","Rural"
6355,"Western_Australia","Rural"
6356,"Western_Australia","Rural"
6357,"Western_Australia","Rural"
6358,"Western_Australia","Rural"
6359,"Western_Australia","Rural"
6361,"Western_Australia","Rural"
6363,"Western_Australia","Rural"
6365,"Western_Australia","Rural"
6367,"Western_Australia","Rural"
6368,"Western_Australia","Rural"
6369,"Western_Australia","Rural"
6370,"Western_Australia","Rural"
6372,"Western_Australia","Rural"
6373,"Western_Australia","Rural"
6375,"Western_Australia","Rural"
6383,"Western_Australia","Rural"
6384,"Western_Australia","Rural"
6385,"Western_Australia","Rural"
6386,"Western_Australia","Rural"
6390,"Western_Australia","Rural"
6391,"Western_Australia","Rural"
6392,"Western_Australia","Rural"
6393,"Western_Australia","Rural"
6394,"Western_Australia","Rural"
6395,"Western_Australia","Rural"
6396,"Western_Australia","Rural"
6397,"Western_Australia","Rural"
6398,"Western_Australia","Rural"
6401,"Western_Australia","Rural"
6403,"Western_Australia","Rural"
6405,"Western_Australia","Rural"
6407,"Western_Australia","Rural"
6409,"Western_Australia","Rural"
6410,"Western_Australia","Rural"
6411,"Western_Australia","Rural"
6412,"Western_Australia","Rural"
6413,"Western_Australia","Rural"
6414,"Western_Australia","Rural"
6415,"Western_Australia","Rural"
6418,"Western_Australia","Rural"
6419,"Western_Australia","Rural"
6420,"Western_Australia","Rural"
6421,"Western_Australia","Rural"
6422,"Western_Australia","Rural"
6423,"Western_Australia","Rural"
6424,"Western_Australia","Rural"
6425,"Western_Australia","Rural"
6426,"Western_Australia","Rural"
6427,"Western_Australia","Rural"
6428,"Western_Australia","Rural"
6429,"Western_Australia","Rural"
6430,"Western_Australia","Rural"
6431,"Western_Australia","Rural"
6432,"Western_Australia","Rural"
6434,"Western_Australia","Rural"
6436,"Western_Australia","Rural"
6437,"Western_Australia","Rural"
6438,"Western_Australia","Rural"
6440,"Western_Australia","Rural"
6442,"Western_Australia","Rural"
6443,"Western_Australia","Rural"
6445,"Western_Australia","Rural"
6446,"Western_Australia","Rural"
6447,"Western_Australia","Rural"
6448,"Western_Australia","Rural"
6450,"Western_Australia","Rural"
6452,"Western_Australia","Rural"
6460,"Western_Australia","Rural"
6461,"Western_Australia","Rural"
6462,"Western_Australia","Rural"
6463,"Western_Australia","Rural"
6465,"Western_Australia","Rural"
6466,"Western_Australia","Rural"
6467,"Western_Australia","Rural"
6468,"Western_Australia","Rural"
6470,"Western_Australia","Rural"
6472,"Western_Australia","Rural"
6473,"Western_Australia","Rural"
6475,"Western_Australia","Rural"
6476,"Western_Australia","Rural"
6477,"Western_Australia","Rural"
6479,"Western_Australia","Rural"
6480,"Western_Australia","Rural"
6484,"Western_Australia","Rural"
6485,"Western_Australia","Rural"
6487,"Western_Australia","Rural"
6488,"Western_Australia","Rural"
6489,"Western_Australia","Rural"
6490,"Western_Australia","Rural"
6501,"Western_Australia","Rural"
6502,"Western_Australia","Rural"
6503,"Western_Australia","Rural"
6504,"Western_Australia","Rural"
6505,"Western_Australia","Rural"
6506,"Western_Australia","Rural"
6507,"Western_Australia","Rural"
6509,"Western_Australia","Rural"
6510,"Western_Australia","Rural"
6511,"Western_Australia","Rural"
6512,"Western_Australia","Rural"
6513,"Western_Australia","Rural"
6514,"Western_Australia","Rural"
6515,"Western_Australia","Rural"
6516,"Western_Australia","Rural"
6517,"Western_Australia","Rural"
6518,"Western_Australia","Rural"
6519,"Western_Australia","Rural"
6521,"Western_Australia","Rural"
6522,"Western_Australia","Rural"
6525,"Western_Australia","Rural"
6528,"Western_Australia","Rural"
6530,"Western_Australia","Rural"
6532,"Western_Australia","Rural"
6535,"Western_Australia","Rural"
6536,"Western_Australia","Rural"
6537,"Western_Australia","Rural"
6556,"Western_Australia","Rural"
6558,"Western_Australia","Rural"
6560,"Western_Australia","Rural"
6562,"Western_Australia","Rural"
6564,"Western_Australia","Rural"
6566,"Western_Australia","Rural"
6567,"Western_Australia","Rural"
6568,"Western_Australia","Rural"
6569,"Western_Australia","Rural"
6571,"Western_Australia","Rural"
6572,"Western_Australia","Rural"
6574,"Western_Australia","Rural"
6575,"Western_Australia","Rural"
6603,"Western_Australia","Rural"
6605,"Western_Australia","Rural"
6606,"Western_Australia","Rural"
6608,"Western_Australia","Rural"
6609,"Western_Australia","Rural"
6612,"Western_Australia","Rural"
6613,"Western_Australia","Rural"
6614,"Western_Australia","Rural"
6616,"Western_Australia","Rural"
6620,"Western_Australia","Rural"
6623,"Western_Australia","Rural"
6625,"Western_Australia","Rural"
6627,"Western_Australia","Rural"
6628,"Western_Australia","Rural"
6630,"Western_Australia","Rural"
6631,"Western_Australia","Rural"
6632,"Western_Australia","Rural"
6635,"Western_Australia","Rural"
6638,"Western_Australia","Rural"
6639,"Western_Australia","Rural"
6640,"Western_Australia","Rural"
6642,"Western_Australia","Rural"
6646,"Western_Australia","Rural"
6701,"Western_Australia","Rural"
6705,"Western_Australia","Rural"
6707,"Western_Australia","Rural"
6710,"Western_Australia","Rural"
6711,"Western_Australia","Rural"
6712,"Western_Australia","Rural"
6713,"Western_Australia","Rural"
6714,"Western_Australia","Rural"
6716,"Western_Australia","Rural"
6718,"Western_Australia","Rural"
6720,"Western_Australia","Rural"
6721,"Western_Australia","Rural"
6722,"Western_Australia","Rural"
6725,"Western_Australia","Rural"
6726,"Western_Australia","Rural"
6728,"Western_Australia","Rural"
6731,"Western_Australia","Rural"
6733,"Western_Australia","Rural"
6740,"Western_Australia","Rural"
6743,"Western_Australia","Rural"
6751,"Western_Australia","Rural"
6753,"Western_Australia","Rural"
6754,"Western_Australia","Rural"
6758,"Western_Australia","Rural"
6760,"Western_Australia","Rural"
6762,"Western_Australia","Rural"
6765,"Western_Australia","Rural"
6770,"Western_Australia","Rural"
6798,"Western_Australia","Rural"
6799,"Western_Australia","Rural"
7000,"Victoria_Tasmania","Rural"
7001,"Victoria_Tasmania","Rural"
7004,"Victoria_Tasmania","Rural"
7005,"Victoria_Tasmania","Rural"
7007,"Victoria_Tasmania","Rural"
7008,"Victoria_Tasmania","Rural"
7009,"Victoria_Tasmania","Rural"
7010,"Victoria_Tasmania","Rural"
7011,"Victoria_Tasmania","Rural"
7012,"Victoria_Tasmania","Rural"
7015,"Victoria_Tasmania","Rural"
7016,"Victoria_Tasmania","Rural"
7017,"Victoria_Tasmania","Rural"
7018,"Victoria_Tasmania","Rural"
7019,"Victoria_Tasmania","Rural"
7020,"Victoria_Tasmania","Rural"
7021,"Victoria_Tasmania","Rural"
7022,"Victoria_Tasmania","Rural"
7023,"Victoria_Tasmania","Rural"
7024,"Victoria_Tasmania","Rural"
7025,"Victoria_Tasmania","Rural"
7026,"Victoria_Tasmania","Rural"
7027,"Victoria_Tasmania","Rural"
7030,"Victoria_Tasmania","Rural"
7050,"Victoria_Tasmania","Rural"
7052,"Victoria_Tasmania","Rural"
7053,"Victoria_Tasmania","Rural"
7054,"Victoria_Tasmania","Rural"
7055,"Victoria_Tasmania","Rural"
7109,"Victoria_Tasmania","Rural"
7112,"Victoria_Tasmania","Rural"
7113,"Victoria_Tasmania","Rural"
7116,"Victoria_Tasmania","Rural"
7117,"Victoria_Tasmania","Rural"
7119,"Victoria_Tasmania","Rural"
7120,"Victoria_Tasmania","Rural"
7139,"Victoria_Tasmania","Rural"
7140,"Victoria_Tasmania","Rural"
7150,"Victoria_Tasmania","Rural"
7155,"Victoria_Tasmania","Rural"
7162,"Victoria_Tasmania","Rural"
7163,"Victoria_Tasmania","Rural"
7170,"Victoria_Tasmania","Rural"
7171,"Victoria_Tasmania","Rural"
7172,"Victoria_Tasmania","Rural"
7173,"Victoria_Tasmania","Rural"
7174,"Victoria_Tasmania","Rural"
7175,"Victoria_Tasmania","Rural"
7176,"Victoria_Tasmania","Rural"
7177,"Victoria_Tasmania","Rural"
7178,"Victoria_Tasmania","Rural"
7179,"Victoria_Tasmania","Rural"
7180,"Victoria_Tasmania","Rural"
7182,"Victoria_Tasmania","Rural"
7183,"Victoria_Tasmania","Rural"
7184,"Victoria_Tasmania","Rural"
7185,"Victoria_Tasmania","Rural"
7186,"Victoria_Tasmania","Rural"
7187,"Victoria_Tasmania","Rural"
7190,"Victoria_Tasmania","Rural"
7209,"Victoria_Tasmania","Rural"
7210,"Victoria_Tasmania","Rural"
7211,"Victoria_Tasmania","Rural"
7212,"Victoria_Tasmania","Rural"
7213,"Victoria_Tasmania","Rural"
7214,"Victoria_Tasmania","Rural"
7215,"Victoria_Tasmania","Rural"
7216,"Victoria_Tasmania","Rural"
7248,"Victoria_Tasmania","Rural"
7249,"Victoria_Tasmania","Rural"
7250,"Victoria_Tasmania","Rural"
7252,"Victoria_Tasmania","Rural"
7253,"Victoria_Tasmania","Rural"
7254,"Victoria_Tasmania","Rural"
7255,"Victoria_Tasmania","Rural"
7256,"Victoria_Tasmania","Rural"
7257,"Victoria_Tasmania","Rural"
7258,"Victoria_Tasmania","Rural"
7259,"Victoria_Tasmania","Rural"
7260,"Victoria_Tasmania","Rural"
7261,"Victoria_Tasmania","Rural"
7262,"Victoria_Tasmania","Rural"
7263,"Victoria_Tasmania","Rural"
7264,"Victoria_Tasmania","Rural"
7265,"Victoria_Tasmania","Rural"
7267,"Victoria_Tasmania","Rural"
7268,"Victoria_Tasmania","Rural"
7270,"Victoria_Tasmania","Rural"
7275,"Victoria_Tasmania","Rural"
7276,"Victoria_Tasmania","Rural"
7277,"Victoria_Tasmania","Rural"
7290,"Victoria_Tasmania","Rural"
7291,"Victoria_Tasmania","Rural"
7292,"Victoria_Tasmania","Rural"
7300,"Victoria_Tasmania","Rural"
7301,"Victoria_Tasmania","Rural"
7302,"Victoria_Tasmania","Rural"
7303,"Victoria_Tasmania","Rural"
7304,"Victoria_Tasmania","Rural"
7305,"Victoria_Tasmania","Rural"
7306,"Victoria_Tasmania","Rural"
7307,"Victoria_Tasmania","Rural"
7310,"Victoria_Tasmania","Rural"
7315,"Victoria_Tasmania","Rural"
7316,"Victoria_Tasmania","Rural"
7320,"Victoria_Tasmania","Rural"
7321,"Victoria_Tasmania","Rural"
7322,"Victoria_Tasmania","Rural"
7325,"Victoria_Tasmania","Rural"
7330,"Victoria_Tasmania","Rural"
7331,"Victoria_Tasmania","Rural"
7466,"Victoria_Tasmania","Rural"
7467,"Victoria_Tasmania","Rural"
7468,"Victoria_Tasmania","Rural"
7469,"Victoria_Tasmania","Rural"
7470,"Victoria_Tasmania","Rural"
9494,"Broad_NSW","Rural"
9797,"Western_Australia","Rural"
801,"Western_Australia","Rural"
804,"Western_Australia","Rural"
811,"Western_Australia","Rural"
813,"Western_Australia","Rural"
814,"Western_Australia","Rural"
821,"Western_Australia","Rural"
831,"Western_Australia","Rural"
851,"Western_Australia","Rural"
861,"Western_Australia","Rural"
871,"Western_Australia","Rural"
881,"Western_Australia","Rural"
2001,"Broad_NSW","Urban"
2002,"Broad_NSW","Urban"
2004,"Broad_NSW","Urban"
2012,"Broad_NSW","Urban"
2013,"Broad_NSW","Urban"
2055,"Broad_NSW","Urban"
2057,"Broad_NSW","Urban"
2058,"Broad_NSW","Rural"
2059,"Broad_NSW","Urban"
2091,"Broad_NSW","Urban"
2124,"Broad_NSW","Urban"
2252,"Broad_NSW","Rural"
2309,"Broad_NSW","Rural"
2310,"Broad_NSW","Rural"
2348,"Broad_NSW","Rural"
2442,"Broad_NSW","Rural"
2520,"Broad_NSW","Urban"
2608,"Broad_NSW","Urban"
2610,"Broad_NSW","Urban"
2616,"Broad_NSW","Urban"
2624,"Broad_NSW","Rural"
2708,"Broad_NSW","Rural"
2751,"Broad_NSW","Urban"
2890,"Broad_NSW","Rural"
2891,"Broad_NSW","Urban"
2901,"Broad_NSW","Urban"
3001,"Victoria_Tasmania","Urban"
3164,"Victoria_Tasmania","Urban"
3176,"Victoria_Tasmania","Urban"
3336,"Victoria_Tasmania","Urban"
3353,"Victoria_Tasmania","Rural"
3354,"Victoria_Tasmania","Rural"
3358,"Victoria_Tasmania","Rural"
3399,"Victoria_Tasmania","Rural"
3402,"Victoria_Tasmania","Rural"
3502,"Victoria_Tasmania","Rural"
3552,"Victoria_Tasmania","Rural"
3554,"Victoria_Tasmania","Rural"
3619,"Victoria_Tasmania","Rural"
3632,"Victoria_Tasmania","Rural"
3643,"Victoria_Tasmania","Rural"
3661,"Victoria_Tasmania","Rural"
3671,"Victoria_Tasmania","Rural"
3676,"Victoria_Tasmania","Rural"
3689,"Victoria_Tasmania","Rural"
3724,"Victoria_Tasmania","Rural"
3736,"Victoria_Tasmania","Rural"
3841,"Victoria_Tasmania","Rural"
3853,"Victoria_Tasmania","Rural"
3989,"Victoria_Tasmania","Rural"
4001,"Queensland","Urban"
4002,"Queensland","Urban"
4003,"Queensland","Urban"
4004,"Queensland","Urban"
4219,"Queensland","Urban"
4314,"Queensland","Rural"
4327,"Broad_NSW","Urban"
4330,"Broad_NSW","Urban"
4471,"Queensland","Rural"
4813,"Queensland","Rural"
4857,"Queensland","Rural"
5001,"South_Australia","Urban"
5071,"South_Australia","Urban"
5611,"South_Australia","Rural"
6001,"Western_Australia","Urban"
6231,"Western_Australia","Rural"
6331,"Western_Australia","Rural"
6332,"Western_Australia","Rural"
6433,"Western_Australia","Rural"
6435,"Western_Australia","Rural"
6531,"Western_Australia","Rural"
6723,"Western_Australia","Rural"
6761,"Western_Australia","Rural"
7002,"Victoria_Tasmania","Rural"
7006,"Victoria_Tasmania","Rural"
7051,"Victoria_Tasmania","Rural"
7151,"Victoria_Tasmania","Rural"
