"FSA","Rural.urban.quota","Region.quota"
"A0A","Rural","East"
"A0B","Rural","East"
"A0C","Rural","East"
"A0E","Rural","East"
"A0G","Rural","East"
"A0H","Rural","East"
"A0J","Rural","East"
"A0K","Rural","East"
"A0L","Rural","East"
"A0M","Rural","East"
"A0N","Rural","East"
"A0P","Rural","East"
"A0R","Rural","East"
"A1A","Urban","East"
"A1B","Urban","East"
"A1C","Urban","East"
"A1E","Urban","East"
"A1G","Urban","East"
"A1H","Urban","East"
"A1K","Urban","East"
"A1L","Urban","East"
"A1M","Urban","East"
"A1N","Urban","East"
"A1S","Urban","East"
"A1V","Urban","East"
"A1W","Urban","East"
"A1X","Urban","East"
"A1Y","Urban","East"
"A2A","Urban","East"
"A2B","Urban","East"
"A2H","Urban","East"
"A2N","Urban","East"
"A2V","Urban","East"
"A5A","Urban","East"
"A8A","Urban","East"
"B0C","Rural","East"
"B0E","Rural","East"
"B0H","Rural","East"
"B0J","Rural","East"
"B0K","Rural","East"
"B0L","Rural","East"
"B0M","Rural","East"
"B0N","Rural","East"
"B0P","Rural","East"
"B0R","Rural","East"
"B0S","Rural","East"
"B0T","Rural","East"
"B0V","Rural","East"
"B0W","Rural","East"
"B1A","Urban","East"
"B1B","Urban","East"
"B1C","Urban","East"
"B1E","Urban","East"
"B1G","Urban","East"
"B1H","Urban","East"
"B1J","Urban","East"
"B1K","Urban","East"
"B1L","Urban","East"
"B1M","Urban","East"
"B1N","Urban","East"
"B1P","Urban","East"
"B1R","Urban","East"
"B1S","Urban","East"
"B1T","Urban","East"
"B1V","Urban","East"
"B1W","Urban","East"
"B1X","Urban","East"
"B1Y","Urban","East"
"B2A","Urban","East"
"B2C","Urban","East"
"B2E","Urban","East"
"B2G","Urban","East"
"B2H","Urban","East"
"B2J","Urban","East"
"B2N","Urban","East"
"B2R","Urban","East"
"B2S","Urban","East"
"B2T","Urban","East"
"B2V","Urban","East"
"B2W","Urban","East"
"B2X","Urban","East"
"B2Y","Urban","East"
"B2Z","Urban","East"
"B3A","Urban","East"
"B3B","Urban","East"
"B3E","Urban","East"
"B3G","Urban","East"
"B3H","Urban","East"
"B3J","Urban","East"
"B3K","Urban","East"
"B3L","Urban","East"
"B3M","Urban","East"
"B3N","Urban","East"
"B3P","Urban","East"
"B3R","Urban","East"
"B3S","Urban","East"
"B3T","Urban","East"
"B3V","Urban","East"
"B3Z","Urban","East"
"B4A","Urban","East"
"B4B","Urban","East"
"B4C","Urban","East"
"B4E","Urban","East"
"B4G","Urban","East"
"B4H","Urban","East"
"B4N","Urban","East"
"B4P","Urban","East"
"B4R","Urban","East"
"B4V","Urban","East"
"B5A","Urban","East"
"B6L","Urban","East"
"B9A","Urban","East"
"C0A","Rural","East"
"C0B","Rural","East"
"C1A","Urban","East"
"C1B","Urban","East"
"C1C","Urban","East"
"C1E","Urban","East"
"C1N","Urban","East"
"E1A","Urban","East"
"E1B","Urban","East"
"E1C","Urban","East"
"E1E","Urban","East"
"E1G","Urban","East"
"E1H","Urban","East"
"E1J","Urban","East"
"E1N","Urban","East"
"E1V","Urban","East"
"E1W","Urban","East"
"E1X","Urban","East"
"E2A","Urban","East"
"E2E","Urban","East"
"E2G","Urban","East"
"E2H","Urban","East"
"E2J","Urban","East"
"E2K","Urban","East"
"E2L","Urban","East"
"E2M","Urban","East"
"E2N","Urban","East"
"E2P","Urban","East"
"E2R","Urban","East"
"E2S","Urban","East"
"E2V","Urban","East"
"E3A","Urban","East"
"E3B","Urban","East"
"E3C","Urban","East"
"E3E","Urban","East"
"E3G","Urban","East"
"E3L","Urban","East"
"E3N","Urban","East"
"E3V","Urban","East"
"E3Y","Urban","East"
"E3Z","Urban","East"
"E4A","Urban","East"
"E4B","Urban","East"
"E4C","Urban","East"
"E4E","Urban","East"
"E4G","Urban","East"
"E4H","Urban","East"
"E4J","Urban","East"
"E4K","Urban","East"
"E4L","Urban","East"
"E4M","Urban","East"
"E4N","Urban","East"
"E4P","Urban","East"
"E4R","Urban","East"
"E4S","Urban","East"
"E4T","Urban","East"
"E4V","Urban","East"
"E4W","Urban","East"
"E4X","Urban","East"
"E4Y","Urban","East"
"E4Z","Urban","East"
"E5A","Urban","East"
"E5B","Urban","East"
"E5C","Urban","East"
"E5E","Urban","East"
"E5G","Urban","East"
"E5H","Urban","East"
"E5J","Urban","East"
"E5K","Urban","East"
"E5L","Urban","East"
"E5M","Urban","East"
"E5N","Urban","East"
"E5P","Urban","East"
"E5R","Urban","East"
"E5S","Urban","East"
"E5T","Urban","East"
"E5V","Urban","East"
"E6A","Urban","East"
"E6B","Urban","East"
"E6C","Urban","East"
"E6E","Urban","East"
"E6G","Urban","East"
"E6H","Urban","East"
"E6J","Urban","East"
"E6K","Urban","East"
"E6L","Urban","East"
"E7A","Urban","East"
"E7B","Urban","East"
"E7C","Urban","East"
"E7E","Urban","East"
"E7G","Urban","East"
"E7H","Urban","East"
"E7J","Urban","East"
"E7K","Urban","East"
"E7L","Urban","East"
"E7M","Urban","East"
"E7N","Urban","East"
"E7P","Urban","East"
"E8A","Urban","East"
"E8B","Urban","East"
"E8C","Urban","East"
"E8E","Urban","East"
"E8G","Urban","East"
"E8J","Urban","East"
"E8K","Urban","East"
"E8L","Urban","East"
"E8M","Urban","East"
"E8N","Urban","East"
"E8P","Urban","East"
"E8R","Urban","East"
"E8S","Urban","East"
"E8T","Urban","East"
"E9A","Urban","East"
"E9B","Urban","East"
"E9C","Urban","East"
"E9E","Urban","East"
"E9G","Urban","East"
"E9H","Urban","East"
"G0A","Rural","Quebec"
"G0C","Rural","Quebec"
"G0E","Rural","Quebec"
"G0G","Rural","Quebec"
"G0H","Rural","Quebec"
"G0J","Rural","Quebec"
"G0K","Rural","Quebec"
"G0L","Rural","Quebec"
"G0M","Rural","Quebec"
"G0N","Rural","Quebec"
"G0P","Rural","Quebec"
"G0R","Rural","Quebec"
"G0S","Rural","Quebec"
"G0T","Rural","Quebec"
"G0V","Rural","Quebec"
"G0W","Rural","Quebec"
"G0X","Rural","Quebec"
"G0Y","Rural","Quebec"
"G0Z","Rural","Quebec"
"G1A","Urban","Quebec"
"G1B","Urban","Quebec"
"G1C","Urban","Quebec"
"G1E","Urban","Quebec"
"G1G","Urban","Quebec"
"G1H","Urban","Quebec"
"G1J","Urban","Quebec"
"G1K","Urban","Quebec"
"G1L","Urban","Quebec"
"G1M","Urban","Quebec"
"G1N","Urban","Quebec"
"G1P","Urban","Quebec"
"G1R","Urban","Quebec"
"G1S","Urban","Quebec"
"G1T","Urban","Quebec"
"G1V","Urban","Quebec"
"G1W","Urban","Quebec"
"G1X","Urban","Quebec"
"G1Y","Urban","Quebec"
"G2A","Urban","Quebec"
"G2B","Urban","Quebec"
"G2C","Urban","Quebec"
"G2E","Urban","Quebec"
"G2G","Urban","Quebec"
"G2J","Urban","Quebec"
"G2K","Urban","Quebec"
"G2L","Urban","Quebec"
"G2M","Urban","Quebec"
"G2N","Urban","Quebec"
"G3A","Urban","Quebec"
"G3B","Urban","Quebec"
"G3C","Urban","Quebec"
"G3E","Urban","Quebec"
"G3G","Urban","Quebec"
"G3H","Urban","Quebec"
"G3J","Urban","Quebec"
"G3K","Urban","Quebec"
"G3L","Urban","Quebec"
"G3M","Urban","Quebec"
"G3N","Urban","Quebec"
"G3Z","Urban","Quebec"
"G4A","Urban","Quebec"
"G4R","Urban","Quebec"
"G4S","Urban","Quebec"
"G4T","Urban","Quebec"
"G4V","Urban","Quebec"
"G4W","Urban","Quebec"
"G4X","Urban","Quebec"
"G4Z","Urban","Quebec"
"G5A","Urban","Quebec"
"G5B","Urban","Quebec"
"G5C","Urban","Quebec"
"G5H","Urban","Quebec"
"G5J","Urban","Quebec"
"G5L","Urban","Quebec"
"G5M","Urban","Quebec"
"G5N","Urban","Quebec"
"G5R","Urban","Quebec"
"G5T","Urban","Quebec"
"G5V","Urban","Quebec"
"G5X","Urban","Quebec"
"G5Y","Urban","Quebec"
"G5Z","Urban","Quebec"
"G6A","Urban","Quebec"
"G6B","Urban","Quebec"
"G6C","Urban","Quebec"
"G6E","Urban","Quebec"
"G6G","Urban","Quebec"
"G6H","Urban","Quebec"
"G6J","Urban","Quebec"
"G6K","Urban","Quebec"
"G6L","Urban","Quebec"
"G6P","Urban","Quebec"
"G6R","Urban","Quebec"
"G6S","Urban","Quebec"
"G6T","Urban","Quebec"
"G6V","Urban","Quebec"
"G6W","Urban","Quebec"
"G6X","Urban","Quebec"
"G6Y","Urban","Quebec"
"G6Z","Urban","Quebec"
"G7A","Urban","Quebec"
"G7B","Urban","Quebec"
"G7G","Urban","Quebec"
"G7H","Urban","Quebec"
"G7J","Urban","Quebec"
"G7K","Urban","Quebec"
"G7N","Urban","Quebec"
"G7P","Urban","Quebec"
"G7S","Urban","Quebec"
"G7T","Urban","Quebec"
"G7X","Urban","Quebec"
"G7Y","Urban","Quebec"
"G7Z","Urban","Quebec"
"G8A","Urban","Quebec"
"G8B","Urban","Quebec"
"G8C","Urban","Quebec"
"G8E","Urban","Quebec"
"G8G","Urban","Quebec"
"G8H","Urban","Quebec"
"G8J","Urban","Quebec"
"G8K","Urban","Quebec"
"G8L","Urban","Quebec"
"G8M","Urban","Quebec"
"G8N","Urban","Quebec"
"G8P","Urban","Quebec"
"G8T","Urban","Quebec"
"G8V","Urban","Quebec"
"G8W","Urban","Quebec"
"G8Y","Urban","Quebec"
"G8Z","Urban","Quebec"
"G9A","Urban","Quebec"
"G9B","Urban","Quebec"
"G9C","Urban","Quebec"
"G9H","Urban","Quebec"
"G9N","Urban","Quebec"
"G9P","Urban","Quebec"
"G9R","Urban","Quebec"
"G9T","Urban","Quebec"
"G9X","Urban","Quebec"
"H0M","Rural","Quebec"
"H1A","Urban","Quebec"
"H1B","Urban","Quebec"
"H1C","Urban","Quebec"
"H1E","Urban","Quebec"
"H1G","Urban","Quebec"
"H1H","Urban","Quebec"
"H1J","Urban","Quebec"
"H1K","Urban","Quebec"
"H1L","Urban","Quebec"
"H1M","Urban","Quebec"
"H1N","Urban","Quebec"
"H1P","Urban","Quebec"
"H1R","Urban","Quebec"
"H1S","Urban","Quebec"
"H1T","Urban","Quebec"
"H1V","Urban","Quebec"
"H1W","Urban","Quebec"
"H1X","Urban","Quebec"
"H1Y","Urban","Quebec"
"H1Z","Urban","Quebec"
"H2A","Urban","Quebec"
"H2B","Urban","Quebec"
"H2C","Urban","Quebec"
"H2E","Urban","Quebec"
"H2G","Urban","Quebec"
"H2H","Urban","Quebec"
"H2J","Urban","Quebec"
"H2K","Urban","Quebec"
"H2L","Urban","Quebec"
"H2M","Urban","Quebec"
"H2N","Urban","Quebec"
"H2P","Urban","Quebec"
"H2R","Urban","Quebec"
"H2S","Urban","Quebec"
"H2T","Urban","Quebec"
"H2V","Urban","Quebec"
"H2W","Urban","Quebec"
"H2X","Urban","Quebec"
"H2Y","Urban","Quebec"
"H2Z","Urban","Quebec"
"H3A","Urban","Quebec"
"H3B","Urban","Quebec"
"H3C","Urban","Quebec"
"H3E","Urban","Quebec"
"H3G","Urban","Quebec"
"H3H","Urban","Quebec"
"H3J","Urban","Quebec"
"H3K","Urban","Quebec"
"H3L","Urban","Quebec"
"H3M","Urban","Quebec"
"H3N","Urban","Quebec"
"H3P","Urban","Quebec"
"H3R","Urban","Quebec"
"H3S","Urban","Quebec"
"H3T","Urban","Quebec"
"H3V","Urban","Quebec"
"H3W","Urban","Quebec"
"H3X","Urban","Quebec"
"H3Y","Urban","Quebec"
"H3Z","Urban","Quebec"
"H4A","Urban","Quebec"
"H4B","Urban","Quebec"
"H4C","Urban","Quebec"
"H4E","Urban","Quebec"
"H4G","Urban","Quebec"
"H4H","Urban","Quebec"
"H4J","Urban","Quebec"
"H4K","Urban","Quebec"
"H4L","Urban","Quebec"
"H4M","Urban","Quebec"
"H4N","Urban","Quebec"
"H4P","Urban","Quebec"
"H4R","Urban","Quebec"
"H4S","Urban","Quebec"
"H4T","Urban","Quebec"
"H4V","Urban","Quebec"
"H4W","Urban","Quebec"
"H4X","Urban","Quebec"
"H4Y","Urban","Quebec"
"H4Z","Urban","Quebec"
"H5A","Urban","Quebec"
"H5B","Urban","Quebec"
"H7A","Urban","Quebec"
"H7B","Urban","Quebec"
"H7C","Urban","Quebec"
"H7E","Urban","Quebec"
"H7G","Urban","Quebec"
"H7H","Urban","Quebec"
"H7J","Urban","Quebec"
"H7K","Urban","Quebec"
"H7L","Urban","Quebec"
"H7M","Urban","Quebec"
"H7N","Urban","Quebec"
"H7P","Urban","Quebec"
"H7R","Urban","Quebec"
"H7S","Urban","Quebec"
"H7T","Urban","Quebec"
"H7V","Urban","Quebec"
"H7W","Urban","Quebec"
"H7X","Urban","Quebec"
"H7Y","Urban","Quebec"
"H8N","Urban","Quebec"
"H8P","Urban","Quebec"
"H8R","Urban","Quebec"
"H8S","Urban","Quebec"
"H8T","Urban","Quebec"
"H8Y","Urban","Quebec"
"H8Z","Urban","Quebec"
"H9A","Urban","Quebec"
"H9B","Urban","Quebec"
"H9C","Urban","Quebec"
"H9E","Urban","Quebec"
"H9G","Urban","Quebec"
"H9H","Urban","Quebec"
"H9J","Urban","Quebec"
"H9K","Urban","Quebec"
"H9P","Urban","Quebec"
"H9R","Urban","Quebec"
"H9S","Urban","Quebec"
"H9W","Urban","Quebec"
"H9X","Urban","Quebec"
"J0A","Rural","Quebec"
"J0B","Rural","Quebec"
"J0C","Rural","Quebec"
"J0E","Rural","Quebec"
"J0G","Rural","Quebec"
"J0H","Rural","Quebec"
"J0J","Rural","Quebec"
"J0K","Rural","Quebec"
"J0L","Rural","Quebec"
"J0M","Rural","Quebec"
"J0N","Rural","Quebec"
"J0P","Rural","Quebec"
"J0R","Rural","Quebec"
"J0S","Rural","Quebec"
"J0T","Rural","Quebec"
"J0V","Rural","Quebec"
"J0W","Rural","Quebec"
"J0X","Rural","Quebec"
"J0Y","Rural","Quebec"
"J0Z","Rural","Quebec"
"J1A","Urban","Quebec"
"J1C","Urban","Quebec"
"J1E","Urban","Quebec"
"J1G","Urban","Quebec"
"J1H","Urban","Quebec"
"J1J","Urban","Quebec"
"J1K","Urban","Quebec"
"J1L","Urban","Quebec"
"J1M","Urban","Quebec"
"J1N","Urban","Quebec"
"J1R","Urban","Quebec"
"J1S","Urban","Quebec"
"J1T","Urban","Quebec"
"J1X","Urban","Quebec"
"J1Z","Urban","Quebec"
"J2A","Urban","Quebec"
"J2B","Urban","Quebec"
"J2C","Urban","Quebec"
"J2E","Urban","Quebec"
"J2G","Urban","Quebec"
"J2H","Urban","Quebec"
"J2J","Urban","Quebec"
"J2K","Urban","Quebec"
"J2L","Urban","Quebec"
"J2M","Urban","Quebec"
"J2N","Urban","Quebec"
"J2R","Urban","Quebec"
"J2S","Urban","Quebec"
"J2T","Urban","Quebec"
"J2W","Urban","Quebec"
"J2X","Urban","Quebec"
"J2Y","Urban","Quebec"
"J3A","Urban","Quebec"
"J3B","Urban","Quebec"
"J3E","Urban","Quebec"
"J3G","Urban","Quebec"
"J3H","Urban","Quebec"
"J3L","Urban","Quebec"
"J3M","Urban","Quebec"
"J3N","Urban","Quebec"
"J3P","Urban","Quebec"
"J3R","Urban","Quebec"
"J3T","Urban","Quebec"
"J3V","Urban","Quebec"
"J3X","Urban","Quebec"
"J3Y","Urban","Quebec"
"J3Z","Urban","Quebec"
"J4B","Urban","Quebec"
"J4G","Urban","Quebec"
"J4H","Urban","Quebec"
"J4J","Urban","Quebec"
"J4K","Urban","Quebec"
"J4L","Urban","Quebec"
"J4M","Urban","Quebec"
"J4N","Urban","Quebec"
"J4P","Urban","Quebec"
"J4R","Urban","Quebec"
"J4S","Urban","Quebec"
"J4T","Urban","Quebec"
"J4V","Urban","Quebec"
"J4W","Urban","Quebec"
"J4X","Urban","Quebec"
"J4Y","Urban","Quebec"
"J4Z","Urban","Quebec"
"J5A","Urban","Quebec"
"J5B","Urban","Quebec"
"J5C","Urban","Quebec"
"J5J","Urban","Quebec"
"J5K","Urban","Quebec"
"J5L","Urban","Quebec"
"J5M","Urban","Quebec"
"J5R","Urban","Quebec"
"J5T","Urban","Quebec"
"J5V","Urban","Quebec"
"J5W","Urban","Quebec"
"J5X","Urban","Quebec"
"J5Y","Urban","Quebec"
"J5Z","Urban","Quebec"
"J6A","Urban","Quebec"
"J6E","Urban","Quebec"
"J6J","Urban","Quebec"
"J6K","Urban","Quebec"
"J6N","Urban","Quebec"
"J6R","Urban","Quebec"
"J6S","Urban","Quebec"
"J6T","Urban","Quebec"
"J6V","Urban","Quebec"
"J6W","Urban","Quebec"
"J6X","Urban","Quebec"
"J6Y","Urban","Quebec"
"J6Z","Urban","Quebec"
"J7A","Urban","Quebec"
"J7B","Urban","Quebec"
"J7C","Urban","Quebec"
"J7E","Urban","Quebec"
"J7G","Urban","Quebec"
"J7H","Urban","Quebec"
"J7J","Urban","Quebec"
"J7K","Urban","Quebec"
"J7L","Urban","Quebec"
"J7M","Urban","Quebec"
"J7N","Urban","Quebec"
"J7P","Urban","Quebec"
"J7R","Urban","Quebec"
"J7T","Urban","Quebec"
"J7V","Urban","Quebec"
"J7W","Urban","Quebec"
"J7X","Urban","Quebec"
"J7Y","Urban","Quebec"
"J7Z","Urban","Quebec"
"J8A","Urban","Quebec"
"J8B","Urban","Quebec"
"J8C","Urban","Quebec"
"J8E","Urban","Quebec"
"J8G","Urban","Quebec"
"J8H","Urban","Quebec"
"J8L","Urban","Quebec"
"J8M","Urban","Quebec"
"J8N","Urban","Quebec"
"J8P","Urban","Quebec"
"J8R","Urban","Quebec"
"J8T","Urban","Quebec"
"J8V","Urban","Quebec"
"J8X","Urban","Quebec"
"J8Y","Urban","Quebec"
"J8Z","Urban","Quebec"
"J9A","Urban","Quebec"
"J9B","Urban","Quebec"
"J9E","Urban","Quebec"
"J9H","Urban","Quebec"
"J9J","Urban","Quebec"
"J9L","Urban","Quebec"
"J9P","Urban","Quebec"
"J9T","Urban","Quebec"
"J9V","Urban","Quebec"
"J9X","Urban","Quebec"
"J9Y","Urban","Quebec"
"J9Z","Urban","Quebec"
"K0A","Rural","Ontario"
"K0B","Rural","Ontario"
"K0C","Rural","Ontario"
"K0E","Rural","Ontario"
"K0G","Rural","Ontario"
"K0H","Rural","Ontario"
"K0J","Rural","Ontario"
"K0K","Rural","Ontario"
"K0L","Rural","Ontario"
"K0M","Rural","Ontario"
"K1A","Urban","Ontario"
"K1B","Urban","Ontario"
"K1C","Urban","Ontario"
"K1E","Urban","Ontario"
"K1G","Urban","Ontario"
"K1H","Urban","Ontario"
"K1J","Urban","Ontario"
"K1K","Urban","Ontario"
"K1L","Urban","Ontario"
"K1M","Urban","Ontario"
"K1N","Urban","Ontario"
"K1P","Urban","Ontario"
"K1R","Urban","Ontario"
"K1S","Urban","Ontario"
"K1T","Urban","Ontario"
"K1V","Urban","Ontario"
"K1W","Urban","Ontario"
"K1X","Urban","Ontario"
"K1Y","Urban","Ontario"
"K1Z","Urban","Ontario"
"K2A","Urban","Ontario"
"K2B","Urban","Ontario"
"K2C","Urban","Ontario"
"K2E","Urban","Ontario"
"K2G","Urban","Ontario"
"K2H","Urban","Ontario"
"K2J","Urban","Ontario"
"K2K","Urban","Ontario"
"K2L","Urban","Ontario"
"K2M","Urban","Ontario"
"K2P","Urban","Ontario"
"K2R","Urban","Ontario"
"K2S","Urban","Ontario"
"K2T","Urban","Ontario"
"K2V","Urban","Ontario"
"K2W","Urban","Ontario"
"K4A","Urban","Ontario"
"K4B","Urban","Ontario"
"K4C","Urban","Ontario"
"K4K","Urban","Ontario"
"K4M","Urban","Ontario"
"K4P","Urban","Ontario"
"K4R","Urban","Ontario"
"K6A","Urban","Ontario"
"K6H","Urban","Ontario"
"K6J","Urban","Ontario"
"K6K","Urban","Ontario"
"K6T","Urban","Ontario"
"K6V","Urban","Ontario"
"K7A","Urban","Ontario"
"K7C","Urban","Ontario"
"K7G","Urban","Ontario"
"K7H","Urban","Ontario"
"K7K","Urban","Ontario"
"K7L","Urban","Ontario"
"K7M","Urban","Ontario"
"K7N","Urban","Ontario"
"K7P","Urban","Ontario"
"K7R","Urban","Ontario"
"K7S","Urban","Ontario"
"K7V","Urban","Ontario"
"K8A","Urban","Ontario"
"K8B","Urban","Ontario"
"K8H","Urban","Ontario"
"K8N","Urban","Ontario"
"K8P","Urban","Ontario"
"K8R","Urban","Ontario"
"K8V","Urban","Ontario"
"K9A","Urban","Ontario"
"K9H","Urban","Ontario"
"K9J","Urban","Ontario"
"K9K","Urban","Ontario"
"K9L","Urban","Ontario"
"K9V","Urban","Ontario"
"L0A","Rural","Ontario"
"L0B","Rural","Ontario"
"L0C","Rural","Ontario"
"L0E","Rural","Ontario"
"L0G","Rural","Ontario"
"L0H","Rural","Ontario"
"L0J","Rural","Ontario"
"L0K","Rural","Ontario"
"L0L","Rural","Ontario"
"L0M","Rural","Ontario"
"L0N","Rural","Ontario"
"L0P","Rural","Ontario"
"L0R","Rural","Ontario"
"L0S","Rural","Ontario"
"L1A","Urban","Ontario"
"L1B","Urban","Ontario"
"L1C","Urban","Ontario"
"L1E","Urban","Ontario"
"L1G","Urban","Ontario"
"L1H","Urban","Ontario"
"L1J","Urban","Ontario"
"L1K","Urban","Ontario"
"L1L","Urban","Ontario"
"L1M","Urban","Ontario"
"L1N","Urban","Ontario"
"L1P","Urban","Ontario"
"L1R","Urban","Ontario"
"L1S","Urban","Ontario"
"L1T","Urban","Ontario"
"L1V","Urban","Ontario"
"L1W","Urban","Ontario"
"L1X","Urban","Ontario"
"L1Y","Urban","Ontario"
"L1Z","Urban","Ontario"
"L2A","Urban","Ontario"
"L2E","Urban","Ontario"
"L2G","Urban","Ontario"
"L2H","Urban","Ontario"
"L2J","Urban","Ontario"
"L2M","Urban","Ontario"
"L2N","Urban","Ontario"
"L2P","Urban","Ontario"
"L2R","Urban","Ontario"
"L2S","Urban","Ontario"
"L2T","Urban","Ontario"
"L2V","Urban","Ontario"
"L2W","Urban","Ontario"
"L3B","Urban","Ontario"
"L3C","Urban","Ontario"
"L3K","Urban","Ontario"
"L3M","Urban","Ontario"
"L3P","Urban","Ontario"
"L3R","Urban","Ontario"
"L3S","Urban","Ontario"
"L3T","Urban","Ontario"
"L3V","Urban","Ontario"
"L3X","Urban","Ontario"
"L3Y","Urban","Ontario"
"L3Z","Urban","Ontario"
"L4A","Urban","Ontario"
"L4B","Urban","Ontario"
"L4C","Urban","Ontario"
"L4E","Urban","Ontario"
"L4G","Urban","Ontario"
"L4H","Urban","Ontario"
"L4J","Urban","Ontario"
"L4K","Urban","Ontario"
"L4L","Urban","Ontario"
"L4M","Urban","Ontario"
"L4N","Urban","Ontario"
"L4P","Urban","Ontario"
"L4R","Urban","Ontario"
"L4S","Urban","Ontario"
"L4T","Urban","Ontario"
"L4V","Urban","Ontario"
"L4W","Urban","Ontario"
"L4X","Urban","Ontario"
"L4Y","Urban","Ontario"
"L4Z","Urban","Ontario"
"L5A","Urban","Ontario"
"L5B","Urban","Ontario"
"L5C","Urban","Ontario"
"L5E","Urban","Ontario"
"L5G","Urban","Ontario"
"L5H","Urban","Ontario"
"L5J","Urban","Ontario"
"L5K","Urban","Ontario"
"L5L","Urban","Ontario"
"L5M","Urban","Ontario"
"L5N","Urban","Ontario"
"L5R","Urban","Ontario"
"L5S","Urban","Ontario"
"L5T","Urban","Ontario"
"L5V","Urban","Ontario"
"L5W","Urban","Ontario"
"L6A","Urban","Ontario"
"L6B","Urban","Ontario"
"L6C","Urban","Ontario"
"L6E","Urban","Ontario"
"L6G","Urban","Ontario"
"L6H","Urban","Ontario"
"L6J","Urban","Ontario"
"L6K","Urban","Ontario"
"L6L","Urban","Ontario"
"L6M","Urban","Ontario"
"L6P","Urban","Ontario"
"L6R","Urban","Ontario"
"L6S","Urban","Ontario"
"L6T","Urban","Ontario"
"L6V","Urban","Ontario"
"L6W","Urban","Ontario"
"L6X","Urban","Ontario"
"L6Y","Urban","Ontario"
"L6Z","Urban","Ontario"
"L7A","Urban","Ontario"
"L7B","Urban","Ontario"
"L7C","Urban","Ontario"
"L7E","Urban","Ontario"
"L7G","Urban","Ontario"
"L7J","Urban","Ontario"
"L7K","Urban","Ontario"
"L7L","Urban","Ontario"
"L7M","Urban","Ontario"
"L7N","Urban","Ontario"
"L7P","Urban","Ontario"
"L7R","Urban","Ontario"
"L7S","Urban","Ontario"
"L7T","Urban","Ontario"
"L8E","Urban","Ontario"
"L8G","Urban","Ontario"
"L8H","Urban","Ontario"
"L8J","Urban","Ontario"
"L8K","Urban","Ontario"
"L8L","Urban","Ontario"
"L8M","Urban","Ontario"
"L8N","Urban","Ontario"
"L8P","Urban","Ontario"
"L8R","Urban","Ontario"
"L8S","Urban","Ontario"
"L8T","Urban","Ontario"
"L8V","Urban","Ontario"
"L8W","Urban","Ontario"
"L9A","Urban","Ontario"
"L9B","Urban","Ontario"
"L9C","Urban","Ontario"
"L9E","Urban","Ontario"
"L9G","Urban","Ontario"
"L9H","Urban","Ontario"
"L9J","Urban","Ontario"
"L9K","Urban","Ontario"
"L9L","Urban","Ontario"
"L9M","Urban","Ontario"
"L9N","Urban","Ontario"
"L9P","Urban","Ontario"
"L9R","Urban","Ontario"
"L9S","Urban","Ontario"
"L9T","Urban","Ontario"
"L9V","Urban","Ontario"
"L9W","Urban","Ontario"
"L9Y","Urban","Ontario"
"L9Z","Urban","Ontario"
"M1B","Urban","Ontario"
"M1C","Urban","Ontario"
"M1E","Urban","Ontario"
"M1G","Urban","Ontario"
"M1H","Urban","Ontario"
"M1J","Urban","Ontario"
"M1K","Urban","Ontario"
"M1L","Urban","Ontario"
"M1M","Urban","Ontario"
"M1N","Urban","Ontario"
"M1P","Urban","Ontario"
"M1R","Urban","Ontario"
"M1S","Urban","Ontario"
"M1T","Urban","Ontario"
"M1V","Urban","Ontario"
"M1W","Urban","Ontario"
"M1X","Urban","Ontario"
"M2H","Urban","Ontario"
"M2J","Urban","Ontario"
"M2K","Urban","Ontario"
"M2L","Urban","Ontario"
"M2M","Urban","Ontario"
"M2N","Urban","Ontario"
"M2P","Urban","Ontario"
"M2R","Urban","Ontario"
"M3A","Urban","Ontario"
"M3B","Urban","Ontario"
"M3C","Urban","Ontario"
"M3H","Urban","Ontario"
"M3J","Urban","Ontario"
"M3K","Urban","Ontario"
"M3L","Urban","Ontario"
"M3M","Urban","Ontario"
"M3N","Urban","Ontario"
"M4A","Urban","Ontario"
"M4B","Urban","Ontario"
"M4C","Urban","Ontario"
"M4E","Urban","Ontario"
"M4G","Urban","Ontario"
"M4H","Urban","Ontario"
"M4J","Urban","Ontario"
"M4K","Urban","Ontario"
"M4L","Urban","Ontario"
"M4M","Urban","Ontario"
"M4N","Urban","Ontario"
"M4P","Urban","Ontario"
"M4R","Urban","Ontario"
"M4S","Urban","Ontario"
"M4T","Urban","Ontario"
"M4V","Urban","Ontario"
"M4W","Urban","Ontario"
"M4X","Urban","Ontario"
"M4Y","Urban","Ontario"
"M5A","Urban","Ontario"
"M5B","Urban","Ontario"
"M5C","Urban","Ontario"
"M5E","Urban","Ontario"
"M5G","Urban","Ontario"
"M5H","Urban","Ontario"
"M5J","Urban","Ontario"
"M5K","Urban","Ontario"
"M5L","Urban","Ontario"
"M5M","Urban","Ontario"
"M5N","Urban","Ontario"
"M5P","Urban","Ontario"
"M5R","Urban","Ontario"
"M5S","Urban","Ontario"
"M5T","Urban","Ontario"
"M5V","Urban","Ontario"
"M5W","Urban","Ontario"
"M5X","Urban","Ontario"
"M6A","Urban","Ontario"
"M6B","Urban","Ontario"
"M6C","Urban","Ontario"
"M6E","Urban","Ontario"
"M6G","Urban","Ontario"
"M6H","Urban","Ontario"
"M6J","Urban","Ontario"
"M6K","Urban","Ontario"
"M6L","Urban","Ontario"
"M6M","Urban","Ontario"
"M6N","Urban","Ontario"
"M6P","Urban","Ontario"
"M6R","Urban","Ontario"
"M6S","Urban","Ontario"
"M7A","Urban","Ontario"
"M7Y","Urban","Ontario"
"M8V","Urban","Ontario"
"M8W","Urban","Ontario"
"M8X","Urban","Ontario"
"M8Y","Urban","Ontario"
"M8Z","Urban","Ontario"
"M9A","Urban","Ontario"
"M9B","Urban","Ontario"
"M9C","Urban","Ontario"
"M9L","Urban","Ontario"
"M9M","Urban","Ontario"
"M9N","Urban","Ontario"
"M9P","Urban","Ontario"
"M9R","Urban","Ontario"
"M9V","Urban","Ontario"
"M9W","Urban","Ontario"
"N0A","Rural","Ontario"
"N0B","Rural","Ontario"
"N0C","Rural","Ontario"
"N0E","Rural","Ontario"
"N0G","Rural","Ontario"
"N0H","Rural","Ontario"
"N0J","Rural","Ontario"
"N0K","Rural","Ontario"
"N0L","Rural","Ontario"
"N0M","Rural","Ontario"
"N0N","Rural","Ontario"
"N0P","Rural","Ontario"
"N0R","Rural","Ontario"
"N1A","Urban","Ontario"
"N1C","Urban","Ontario"
"N1E","Urban","Ontario"
"N1G","Urban","Ontario"
"N1H","Urban","Ontario"
"N1K","Urban","Ontario"
"N1L","Urban","Ontario"
"N1M","Urban","Ontario"
"N1P","Urban","Ontario"
"N1R","Urban","Ontario"
"N1S","Urban","Ontario"
"N1T","Urban","Ontario"
"N2A","Urban","Ontario"
"N2B","Urban","Ontario"
"N2C","Urban","Ontario"
"N2E","Urban","Ontario"
"N2G","Urban","Ontario"
"N2H","Urban","Ontario"
"N2J","Urban","Ontario"
"N2K","Urban","Ontario"
"N2L","Urban","Ontario"
"N2M","Urban","Ontario"
"N2N","Urban","Ontario"
"N2P","Urban","Ontario"
"N2R","Urban","Ontario"
"N2T","Urban","Ontario"
"N2V","Urban","Ontario"
"N2Z","Urban","Ontario"
"N3A","Urban","Ontario"
"N3B","Urban","Ontario"
"N3C","Urban","Ontario"
"N3E","Urban","Ontario"
"N3H","Urban","Ontario"
"N3L","Urban","Ontario"
"N3P","Urban","Ontario"
"N3R","Urban","Ontario"
"N3S","Urban","Ontario"
"N3T","Urban","Ontario"
"N3V","Urban","Ontario"
"N3W","Urban","Ontario"
"N3Y","Urban","Ontario"
"N4B","Urban","Ontario"
"N4G","Urban","Ontario"
"N4K","Urban","Ontario"
"N4L","Urban","Ontario"
"N4N","Urban","Ontario"
"N4S","Urban","Ontario"
"N4T","Urban","Ontario"
"N4V","Urban","Ontario"
"N4W","Urban","Ontario"
"N4X","Urban","Ontario"
"N4Z","Urban","Ontario"
"N5A","Urban","Ontario"
"N5C","Urban","Ontario"
"N5H","Urban","Ontario"
"N5L","Urban","Ontario"
"N5P","Urban","Ontario"
"N5R","Urban","Ontario"
"N5V","Urban","Ontario"
"N5W","Urban","Ontario"
"N5X","Urban","Ontario"
"N5Y","Urban","Ontario"
"N5Z","Urban","Ontario"
"N6A","Urban","Ontario"
"N6B","Urban","Ontario"
"N6C","Urban","Ontario"
"N6E","Urban","Ontario"
"N6G","Urban","Ontario"
"N6H","Urban","Ontario"
"N6J","Urban","Ontario"
"N6K","Urban","Ontario"
"N6L","Urban","Ontario"
"N6M","Urban","Ontario"
"N6N","Urban","Ontario"
"N6P","Urban","Ontario"
"N7A","Urban","Ontario"
"N7G","Urban","Ontario"
"N7L","Urban","Ontario"
"N7M","Urban","Ontario"
"N7S","Urban","Ontario"
"N7T","Urban","Ontario"
"N7V","Urban","Ontario"
"N7W","Urban","Ontario"
"N7X","Urban","Ontario"
"N8A","Urban","Ontario"
"N8H","Urban","Ontario"
"N8M","Urban","Ontario"
"N8N","Urban","Ontario"
"N8P","Urban","Ontario"
"N8R","Urban","Ontario"
"N8S","Urban","Ontario"
"N8T","Urban","Ontario"
"N8W","Urban","Ontario"
"N8X","Urban","Ontario"
"N8Y","Urban","Ontario"
"N9A","Urban","Ontario"
"N9B","Urban","Ontario"
"N9C","Urban","Ontario"
"N9E","Urban","Ontario"
"N9G","Urban","Ontario"
"N9H","Urban","Ontario"
"N9J","Urban","Ontario"
"N9K","Urban","Ontario"
"N9V","Urban","Ontario"
"N9Y","Urban","Ontario"
"P0A","Rural","Ontario"
"P0B","Rural","Ontario"
"P0C","Rural","Ontario"
"P0E","Rural","Ontario"
"P0G","Rural","Ontario"
"P0H","Rural","Ontario"
"P0J","Rural","Ontario"
"P0K","Rural","Ontario"
"P0L","Rural","Ontario"
"P0M","Rural","Ontario"
"P0N","Rural","Ontario"
"P0P","Rural","Ontario"
"P0R","Rural","Ontario"
"P0S","Rural","Ontario"
"P0T","Rural","Ontario"
"P0V","Rural","Ontario"
"P0W","Rural","Ontario"
"P0X","Rural","Ontario"
"P0Y","Rural","Ontario"
"P1A","Urban","Ontario"
"P1B","Urban","Ontario"
"P1C","Urban","Ontario"
"P1H","Urban","Ontario"
"P1L","Urban","Ontario"
"P1P","Urban","Ontario"
"P2A","Urban","Ontario"
"P2B","Urban","Ontario"
"P2N","Urban","Ontario"
"P3A","Urban","Ontario"
"P3B","Urban","Ontario"
"P3C","Urban","Ontario"
"P3E","Urban","Ontario"
"P3G","Urban","Ontario"
"P3L","Urban","Ontario"
"P3N","Urban","Ontario"
"P3P","Urban","Ontario"
"P3Y","Urban","Ontario"
"P4N","Urban","Ontario"
"P4P","Urban","Ontario"
"P4R","Urban","Ontario"
"P5A","Urban","Ontario"
"P5E","Urban","Ontario"
"P5N","Urban","Ontario"
"P6A","Urban","Ontario"
"P6B","Urban","Ontario"
"P6C","Urban","Ontario"
"P7A","Urban","Ontario"
"P7B","Urban","Ontario"
"P7C","Urban","Ontario"
"P7E","Urban","Ontario"
"P7G","Urban","Ontario"
"P7J","Urban","Ontario"
"P7K","Urban","Ontario"
"P7L","Urban","Ontario"
"P8N","Urban","Ontario"
"P8T","Urban","Ontario"
"P9A","Urban","Ontario"
"P9N","Urban","Ontario"
"R0A","Rural","Central"
"R0B","Rural","Central"
"R0C","Rural","Central"
"R0E","Rural","Central"
"R0G","Rural","Central"
"R0H","Rural","Central"
"R0J","Rural","Central"
"R0K","Rural","Central"
"R0L","Rural","Central"
"R0M","Rural","Central"
"R1A","Urban","Central"
"R1B","Urban","Central"
"R1C","Urban","Central"
"R1N","Urban","Central"
"R2C","Urban","Central"
"R2E","Urban","Central"
"R2G","Urban","Central"
"R2H","Urban","Central"
"R2J","Urban","Central"
"R2K","Urban","Central"
"R2L","Urban","Central"
"R2M","Urban","Central"
"R2N","Urban","Central"
"R2P","Urban","Central"
"R2R","Urban","Central"
"R2V","Urban","Central"
"R2W","Urban","Central"
"R2X","Urban","Central"
"R2Y","Urban","Central"
"R3A","Urban","Central"
"R3B","Urban","Central"
"R3C","Urban","Central"
"R3E","Urban","Central"
"R3G","Urban","Central"
"R3H","Urban","Central"
"R3J","Urban","Central"
"R3K","Urban","Central"
"R3L","Urban","Central"
"R3M","Urban","Central"
"R3N","Urban","Central"
"R3P","Urban","Central"
"R3R","Urban","Central"
"R3S","Urban","Central"
"R3T","Urban","Central"
"R3V","Urban","Central"
"R3W","Urban","Central"
"R3X","Urban","Central"
"R3Y","Urban","Central"
"R4A","Urban","Central"
"R4G","Urban","Central"
"R4H","Urban","Central"
"R4J","Urban","Central"
"R4K","Urban","Central"
"R4L","Urban","Central"
"R5A","Urban","Central"
"R5G","Urban","Central"
"R5H","Urban","Central"
"R6M","Urban","Central"
"R6W","Urban","Central"
"R7A","Urban","Central"
"R7B","Urban","Central"
"R7C","Urban","Central"
"R7N","Urban","Central"
"R8A","Urban","Central"
"R8N","Urban","Central"
"R9A","Urban","Central"
"S0A","Rural","Central"
"S0C","Rural","Central"
"S0E","Rural","Central"
"S0G","Rural","Central"
"S0H","Rural","Central"
"S0J","Rural","Central"
"S0K","Rural","Central"
"S0L","Rural","Central"
"S0M","Rural","Central"
"S0N","Rural","Central"
"S0P","Rural","Central"
"S2V","Urban","Central"
"S3N","Urban","Central"
"S4A","Urban","Central"
"S4H","Urban","Central"
"S4L","Urban","Central"
"S4M","Urban","Central"
"S4N","Urban","Central"
"S4P","Urban","Central"
"S4R","Urban","Central"
"S4S","Urban","Central"
"S4T","Urban","Central"
"S4V","Urban","Central"
"S4W","Urban","Central"
"S4X","Urban","Central"
"S4Y","Urban","Central"
"S4Z","Urban","Central"
"S6H","Urban","Central"
"S6J","Urban","Central"
"S6K","Urban","Central"
"S6V","Urban","Central"
"S6W","Urban","Central"
"S6X","Urban","Central"
"S7H","Urban","Central"
"S7J","Urban","Central"
"S7K","Urban","Central"
"S7L","Urban","Central"
"S7M","Urban","Central"
"S7N","Urban","Central"
"S7P","Urban","Central"
"S7R","Urban","Central"
"S7S","Urban","Central"
"S7T","Urban","Central"
"S7V","Urban","Central"
"S7W","Urban","Central"
"S9A","Urban","Central"
"S9H","Urban","Central"
"S9V","Urban","Central"
"S9X","Urban","Central"
"T0A","Rural","North_West"
"T0B","Rural","North_West"
"T0C","Rural","North_West"
"T0E","Rural","North_West"
"T0G","Rural","North_West"
"T0H","Rural","North_West"
"T0J","Rural","North_West"
"T0K","Rural","North_West"
"T0L","Rural","North_West"
"T0M","Rural","North_West"
"T0P","Rural","North_West"
"T0V","Rural","North_West"
"T1A","Urban","North_West"
"T1B","Urban","North_West"
"T1C","Urban","North_West"
"T1G","Urban","North_West"
"T1H","Urban","North_West"
"T1J","Urban","North_West"
"T1K","Urban","North_West"
"T1L","Urban","North_West"
"T1M","Urban","North_West"
"T1P","Urban","North_West"
"T1R","Urban","North_West"
"T1S","Urban","North_West"
"T1V","Urban","North_West"
"T1W","Urban","North_West"
"T1X","Urban","North_West"
"T1Y","Urban","North_West"
"T1Z","Urban","North_West"
"T2A","Urban","North_West"
"T2B","Urban","North_West"
"T2C","Urban","North_West"
"T2E","Urban","North_West"
"T2G","Urban","North_West"
"T2H","Urban","North_West"
"T2J","Urban","North_West"
"T2K","Urban","North_West"
"T2L","Urban","North_West"
"T2M","Urban","North_West"
"T2N","Urban","North_West"
"T2P","Urban","North_West"
"T2R","Urban","North_West"
"T2S","Urban","North_West"
"T2T","Urban","North_West"
"T2V","Urban","North_West"
"T2W","Urban","North_West"
"T2X","Urban","North_West"
"T2Y","Urban","North_West"
"T2Z","Urban","North_West"
"T3A","Urban","North_West"
"T3B","Urban","North_West"
"T3C","Urban","North_West"
"T3E","Urban","North_West"
"T3G","Urban","North_West"
"T3H","Urban","North_West"
"T3J","Urban","North_West"
"T3K","Urban","North_West"
"T3L","Urban","North_West"
"T3M","Urban","North_West"
"T3N","Urban","North_West"
"T3P","Urban","North_West"
"T3R","Urban","North_West"
"T3S","Urban","North_West"
"T3Z","Urban","North_West"
"T4A","Urban","North_West"
"T4B","Urban","North_West"
"T4C","Urban","North_West"
"T4E","Urban","North_West"
"T4G","Urban","North_West"
"T4H","Urban","North_West"
"T4J","Urban","North_West"
"T4L","Urban","North_West"
"T4M","Urban","North_West"
"T4N","Urban","North_West"
"T4P","Urban","North_West"
"T4R","Urban","North_West"
"T4S","Urban","North_West"
"T4T","Urban","North_West"
"T4V","Urban","North_West"
"T4X","Urban","North_West"
"T5A","Urban","North_West"
"T5B","Urban","North_West"
"T5C","Urban","North_West"
"T5E","Urban","North_West"
"T5G","Urban","North_West"
"T5H","Urban","North_West"
"T5J","Urban","North_West"
"T5K","Urban","North_West"
"T5L","Urban","North_West"
"T5M","Urban","North_West"
"T5N","Urban","North_West"
"T5P","Urban","North_West"
"T5R","Urban","North_West"
"T5S","Urban","North_West"
"T5T","Urban","North_West"
"T5V","Urban","North_West"
"T5W","Urban","North_West"
"T5X","Urban","North_West"
"T5Y","Urban","North_West"
"T5Z","Urban","North_West"
"T6A","Urban","North_West"
"T6B","Urban","North_West"
"T6C","Urban","North_West"
"T6E","Urban","North_West"
"T6G","Urban","North_West"
"T6H","Urban","North_West"
"T6J","Urban","North_West"
"T6K","Urban","North_West"
"T6L","Urban","North_West"
"T6M","Urban","North_West"
"T6N","Urban","North_West"
"T6P","Urban","North_West"
"T6R","Urban","North_West"
"T6S","Urban","North_West"
"T6T","Urban","North_West"
"T6V","Urban","North_West"
"T6W","Urban","North_West"
"T6X","Urban","North_West"
"T7A","Urban","North_West"
"T7E","Urban","North_West"
"T7N","Urban","North_West"
"T7P","Urban","North_West"
"T7S","Urban","North_West"
"T7V","Urban","North_West"
"T7X","Urban","North_West"
"T7Y","Urban","North_West"
"T7Z","Urban","North_West"
"T8A","Urban","North_West"
"T8B","Urban","North_West"
"T8C","Urban","North_West"
"T8E","Urban","North_West"
"T8G","Urban","North_West"
"T8H","Urban","North_West"
"T8L","Urban","North_West"
"T8N","Urban","North_West"
"T8R","Urban","North_West"
"T8S","Urban","North_West"
"T8T","Urban","North_West"
"T8V","Urban","North_West"
"T8W","Urban","North_West"
"T8X","Urban","North_West"
"T9A","Urban","North_West"
"T9C","Urban","North_West"
"T9E","Urban","North_West"
"T9G","Urban","North_West"
"T9H","Urban","North_West"
"T9J","Urban","North_West"
"T9K","Urban","North_West"
"T9M","Urban","North_West"
"T9N","Urban","North_West"
"T9S","Urban","North_West"
"T9V","Urban","North_West"
"T9W","Urban","North_West"
"T9X","Urban","North_West"
"V0A","Rural","North_West"
"V0B","Rural","North_West"
"V0C","Rural","North_West"
"V0E","Rural","North_West"
"V0G","Rural","North_West"
"V0H","Rural","North_West"
"V0J","Rural","North_West"
"V0K","Rural","North_West"
"V0L","Rural","North_West"
"V0M","Rural","North_West"
"V0N","Rural","North_West"
"V0P","Rural","North_West"
"V0R","Rural","North_West"
"V0S","Rural","North_West"
"V0T","Rural","North_West"
"V0V","Rural","North_West"
"V0W","Rural","North_West"
"V0X","Rural","North_West"
"V1A","Urban","North_West"
"V1B","Urban","North_West"
"V1C","Urban","North_West"
"V1E","Urban","North_West"
"V1G","Urban","North_West"
"V1H","Urban","North_West"
"V1J","Urban","North_West"
"V1K","Urban","North_West"
"V1L","Urban","North_West"
"V1M","Urban","North_West"
"V1N","Urban","North_West"
"V1P","Urban","North_West"
"V1R","Urban","North_West"
"V1S","Urban","North_West"
"V1T","Urban","North_West"
"V1V","Urban","North_West"
"V1W","Urban","North_West"
"V1X","Urban","North_West"
"V1Y","Urban","North_West"
"V1Z","Urban","North_West"
"V2A","Urban","North_West"
"V2B","Urban","North_West"
"V2C","Urban","North_West"
"V2E","Urban","North_West"
"V2G","Urban","North_West"
"V2H","Urban","North_West"
"V2J","Urban","North_West"
"V2K","Urban","North_West"
"V2L","Urban","North_West"
"V2M","Urban","North_West"
"V2N","Urban","North_West"
"V2P","Urban","North_West"
"V2R","Urban","North_West"
"V2S","Urban","North_West"
"V2T","Urban","North_West"
"V2V","Urban","North_West"
"V2W","Urban","North_West"
"V2X","Urban","North_West"
"V2Y","Urban","North_West"
"V2Z","Urban","North_West"
"V3A","Urban","North_West"
"V3B","Urban","North_West"
"V3C","Urban","North_West"
"V3E","Urban","North_West"
"V3G","Urban","North_West"
"V3H","Urban","North_West"
"V3J","Urban","North_West"
"V3K","Urban","North_West"
"V3L","Urban","North_West"
"V3M","Urban","North_West"
"V3N","Urban","North_West"
"V3R","Urban","North_West"
"V3S","Urban","North_West"
"V3T","Urban","North_West"
"V3V","Urban","North_West"
"V3W","Urban","North_West"
"V3X","Urban","North_West"
"V3Y","Urban","North_West"
"V3Z","Urban","North_West"
"V4A","Urban","North_West"
"V4B","Urban","North_West"
"V4C","Urban","North_West"
"V4E","Urban","North_West"
"V4G","Urban","North_West"
"V4K","Urban","North_West"
"V4L","Urban","North_West"
"V4M","Urban","North_West"
"V4N","Urban","North_West"
"V4P","Urban","North_West"
"V4R","Urban","North_West"
"V4S","Urban","North_West"
"V4T","Urban","North_West"
"V4V","Urban","North_West"
"V4W","Urban","North_West"
"V4X","Urban","North_West"
"V4Z","Urban","North_West"
"V5A","Urban","North_West"
"V5B","Urban","North_West"
"V5C","Urban","North_West"
"V5E","Urban","North_West"
"V5G","Urban","North_West"
"V5H","Urban","North_West"
"V5J","Urban","North_West"
"V5K","Urban","North_West"
"V5L","Urban","North_West"
"V5M","Urban","North_West"
"V5N","Urban","North_West"
"V5P","Urban","North_West"
"V5R","Urban","North_West"
"V5S","Urban","North_West"
"V5T","Urban","North_West"
"V5V","Urban","North_West"
"V5W","Urban","North_West"
"V5X","Urban","North_West"
"V5Y","Urban","North_West"
"V5Z","Urban","North_West"
"V6A","Urban","North_West"
"V6B","Urban","North_West"
"V6C","Urban","North_West"
"V6E","Urban","North_West"
"V6G","Urban","North_West"
"V6H","Urban","North_West"
"V6J","Urban","North_West"
"V6K","Urban","North_West"
"V6L","Urban","North_West"
"V6M","Urban","North_West"
"V6N","Urban","North_West"
"V6P","Urban","North_West"
"V6R","Urban","North_West"
"V6S","Urban","North_West"
"V6T","Urban","North_West"
"V6V","Urban","North_West"
"V6W","Urban","North_West"
"V6X","Urban","North_West"
"V6Y","Urban","North_West"
"V6Z","Urban","North_West"
"V7A","Urban","North_West"
"V7B","Urban","North_West"
"V7C","Urban","North_West"
"V7E","Urban","North_West"
"V7G","Urban","North_West"
"V7H","Urban","North_West"
"V7J","Urban","North_West"
"V7K","Urban","North_West"
"V7L","Urban","North_West"
"V7M","Urban","North_West"
"V7N","Urban","North_West"
"V7P","Urban","North_West"
"V7R","Urban","North_West"
"V7S","Urban","North_West"
"V7T","Urban","North_West"
"V7V","Urban","North_West"
"V7W","Urban","North_West"
"V7X","Urban","North_West"
"V7Y","Urban","North_West"
"V8A","Urban","North_West"
"V8B","Urban","North_West"
"V8C","Urban","North_West"
"V8G","Urban","North_West"
"V8J","Urban","North_West"
"V8K","Urban","North_West"
"V8L","Urban","North_West"
"V8M","Urban","North_West"
"V8N","Urban","North_West"
"V8P","Urban","North_West"
"V8R","Urban","North_West"
"V8S","Urban","North_West"
"V8T","Urban","North_West"
"V8V","Urban","North_West"
"V8W","Urban","North_West"
"V8X","Urban","North_West"
"V8Y","Urban","North_West"
"V8Z","Urban","North_West"
"V9A","Urban","North_West"
"V9B","Urban","North_West"
"V9C","Urban","North_West"
"V9E","Urban","North_West"
"V9G","Urban","North_West"
"V9H","Urban","North_West"
"V9J","Urban","North_West"
"V9K","Urban","North_West"
"V9L","Urban","North_West"
"V9M","Urban","North_West"
"V9N","Urban","North_West"
"V9P","Urban","North_West"
"V9R","Urban","North_West"
"V9S","Urban","North_West"
"V9T","Urban","North_West"
"V9V","Urban","North_West"
"V9W","Urban","North_West"
"V9X","Urban","North_West"
"V9Y","Urban","North_West"
"V9Z","Urban","North_West"
"X0A","Rural","North_West"
"X0B","Rural","North_West"
"X0C","Rural","North_West"
"X0E","Rural","North_West"
"X0G","Rural","North_West"
"X1A","Urban","North_West"
"Y0A","Rural","North_West"
"Y0B","Rural","North_West"
"Y1A","Urban","North_West"
