"Postal.Code","Region","Rural.urban"
"01720","West","Urban"
"01722","West","Urban"
"01922","West","Urban"
"01920","West","Urban"
"01924","West","Urban"
"01360","West","Urban"
"01170","West","Urban"
"01780","West","Urban"
"01662","West","Urban"
"01660","West","Urban"
"01700","West","Urban"
"01702","West","Urban"
"01770","West","Urban"
"01900","West","Urban"
"01555","West","Urban"
"01502","West","Urban"
"01500","West","Urban"
"01490","West","Urban"
"01472","West","Urban"
"01470","West","Urban"
"01740","West","Urban"
"01410","West","Urban"
"01460","West","Urban"
"01340","West","Urban"
"01790","West","Urban"
"01250","West","Urban"
"01040","West","Urban"
"01130","West","Urban"
"01080","West","Urban"
"01190","West","Urban"
"01120","West","Urban"
"01050","West","Urban"
"01200","West","Urban"
"01365","West","Urban"
"01020","West","Urban"
"01355","West","Urban"
"01060","West","Urban"
"01430","West","Urban"
"01160","West","Urban"
"01070","West","Urban"
"01030","West","Urban"
"01100","West","Urban"
"01010","West","Urban"
"01180","West","Urban"
"01110","West","Urban"
"01150","West","Urban"
"01140","West","Urban"
"01642","West","Urban"
"01640","West","Urban"
"01682","West","Urban"
"01680","West","Urban"
"01358","West","Urban"
"01415","West","Urban"
"01285","West","Urban"
"01370","West","Urban"
"01375","West","Urban"
"01965","West","Urban"
"01260","West","Urban"
"01280","West","Urban"
"01230","West","Urban"
"01263","West","Urban"
"01240","West","Urban"
"01350","West","Urban"
"01291","West","Urban"
"01220","West","Urban"
"02300","East","Rural"
"02320","East","Rural"
"02346","East","Rural"
"02348","East","Rural"
"02302","East","Rural"
"02330","East","Rural"
"02340","East","Rural"
"02600","East","Rural"
"02602","East","Rural"
"02610","East","Rural"
"02700","East","Rural"
"02702","East","Rural"
"02530","East","Rural"
"02540","East","Rural"
"02500","East","Rural"
"02520","East","Rural"
"02502","East","Rural"
"02450","East","Rural"
"02440","East","Rural"
"02400","East","Rural"
"02402","East","Rural"
"02100","East","Urban"
"02200","East","Urban"
"02290","East","Urban"
"02010","East","Urban"
"02030","East","Urban"
"02270","East","Urban"
"02040","East","Urban"
"02802","East","Rural"
"02800","East","Rural"
"02920","East","Rural"
"02902","East","Rural"
"02900","East","Rural"
"02352","East","Rural"
"02350","East","Rural"
"03450","West","Rural"
"03452","West","Rural"
"03780","West","Rural"
"03782","West","Rural"
"03300","West","Rural"
"03330","West","Rural"
"03302","West","Rural"
"03350","West","Rural"
"03700","West","Rural"
"03720","West","Rural"
"03702","West","Rural"
"03706","West","Rural"
"03060","West","Rural"
"03107","West","Rural"
"03062","West","Rural"
"03950","West","Rural"
"03952","West","Rural"
"03400","West","Rural"
"03480","West","Rural"
"03402","West","Rural"
"03490","West","Rural"
"03630","West","Rural"
"03600","West","Rural"
"03680","West","Rural"
"03602","West","Rural"
"03960","West","Rural"
"03962","West","Rural"
"03530","West","Rural"
"03532","West","Rural"
"03380","West","Rural"
"03383","West","Rural"
"03370","West","Rural"
"03384","West","Rural"
"03372","West","Rural"
"03375","West","Rural"
"03750","West","Rural"
"03752","West","Rural"
"03754","West","Rural"
"03560","West","Rural"
"03562","West","Rural"
"03050","West","Urban"
"03217","West","Urban"
"03200","West","Urban"
"03210","West","Urban"
"03204","West","Urban"
"03103","West","Urban"
"03211","West","Urban"
"03040","West","Urban"
"03212","West","Urban"
"03213","West","Urban"
"03080","West","Urban"
"03100","West","Urban"
"03105","West","Urban"
"03032","West","Urban"
"03215","West","Urban"
"03150","West","Urban"
"03218","West","Urban"
"03140","West","Urban"
"03214","West","Urban"
"03030","West","Urban"
"03510","West","Rural"
"03502","West","Rural"
"03500","West","Rural"
"03860","West","Rural"
"03857","West","Rural"
"03870","West","Rural"
"03880","West","Rural"
"03858","West","Rural"
"03859","West","Rural"
"03854","West","Rural"
"03852","West","Rural"
"03855","West","Rural"
"03850","West","Rural"
"03121","West","Rural"
"03110","West","Rural"
"03830","West","Rural"
"03810","West","Rural"
"03800","West","Rural"
"03910","West","Rural"
"03911","West","Rural"
"03900","West","Rural"
"03940","West","Rural"
"04900","East","Rural"
"04902","East","Rural"
"04400","East","Rural"
"04402","East","Rural"
"04600","East","Rural"
"04602","East","Rural"
"04401","East","Rural"
"04640","East","Rural"
"04630","East","Rural"
"04850","East","Rural"
"04852","East","Rural"
"04200","East","Urban"
"04100","East","Urban"
"04010","East","Urban"
"04503","East","Rural"
"04502","East","Rural"
"04500","East","Rural"
"04510","East","Rural"
"04802","East","Rural"
"04800","East","Rural"
"04702","East","Rural"
"04700","East","Rural"
"68600","Central","Rural"
"68602","Central","Rural"
"68800","Central","Rural"
"68810","Central","Rural"
"68802","Central","Rural"
"68940","Central","Rural"
"68900","Central","Rural"
"68910","Central","Rural"
"68902","Central","Rural"
"68950","Central","Rural"
"68500","Central","Rural"
"68570","Central","Rural"
"68502","Central","Rural"
"68470","Central","Rural"
"68120","Central","Rural"
"68100","Central","Rural"
"68165","Central","Rural"
"68010","Central","Rural"
"68270","Central","Rural"
"68200","Central","Rural"
"68220","Central","Rural"
"68105","Central","Rural"
"68135","Central","Rural"
"68180","Central","Rural"
"68230","Central","Rural"
"68601","Central","Rural"
"68402","Central","Rural"
"68400","Central","Rural"
"68702","Central","Rural"
"68700","Central","Rural"
"68190","Central","Urban"
"05900","Central","Rural"
"05902","Central","Rural"
"05700","Central","Rural"
"05702","Central","Rural"
"05720","Central","Rural"
"05722","Central","Rural"
"05200","Central","Rural"
"05110","Central","Rural"
"05100","Central","Rural"
"05220","Central","Rural"
"05240","Central","Rural"
"05302","Central","Urban"
"05300","Central","Urban"
"05502","Central","Urban"
"05500","Central","Urban"
"05802","Central","Rural"
"05800","Central","Rural"
"06750","Central","Urban"
"06080","Central","Urban"
"06130","Central","Urban"
"06140","Central","Urban"
"06070","Central","Urban"
"06150","Central","Urban"
"06230","Central","Urban"
"06360","Central","Urban"
"06050","Central","Urban"
"06710","Central","Urban"
"06720","Central","Urban"
"06730","Central","Urban"
"06740","Central","Urban"
"06530","Central","Urban"
"06805","Central","Urban"
"06490","Central","Urban"
"06520","Central","Urban"
"06800","Central","Urban"
"06610","Central","Urban"
"06590","Central","Urban"
"06690","Central","Urban"
"06810","Central","Urban"
"06450","Central","Urban"
"06660","Central","Urban"
"06705","Central","Urban"
"06680","Central","Urban"
"06570","Central","Urban"
"06460","Central","Urban"
"06420","Central","Urban"
"06550","Central","Urban"
"06670","Central","Urban"
"06760","Central","Urban"
"06780","Central","Urban"
"06850","Central","Urban"
"06794","Central","Urban"
"06797","Central","Urban"
"06796","Central","Urban"
"06824","Central","Urban"
"06790","Central","Urban"
"06820","Central","Urban"
"06827","Central","Urban"
"06815","Central","Urban"
"06770","Central","Urban"
"06830","Central","Urban"
"06840","Central","Urban"
"06860","Central","Urban"
"06980","Central","Urban"
"06870","Central","Urban"
"06300","Central","Urban"
"06291","Central","Urban"
"06220","Central","Urban"
"06010","Central","Urban"
"06135","Central","Urban"
"06120","Central","Urban"
"06290","Central","Urban"
"06310","Central","Urban"
"06280","Central","Urban"
"06890","Central","Urban"
"06620","Central","Urban"
"06630","Central","Urban"
"06480","Central","Urban"
"06340","Central","Urban"
"06350","Central","Urban"
"06320","Central","Urban"
"06270","Central","Urban"
"06852","Central","Urban"
"06260","Central","Urban"
"06920","Central","Urban"
"06900","Central","Urban"
"06145","Central","Urban"
"06950","Central","Urban"
"06935","Central","Urban"
"06932","Central","Urban"
"06930","Central","Urban"
"06909","Central","Urban"
"06946","Central","Urban"
"06560","Central","Urban"
"06370","Central","Urban"
"06200","Central","Urban"
"06378","Central","Urban"
"06190","Central","Urban"
"06105","Central","Urban"
"06374","Central","Urban"
"06210","Central","Urban"
"06170","Central","Urban"
"07630","West","Urban"
"07650","West","Urban"
"07112","West","Urban"
"07400","West","Urban"
"07410","West","Urban"
"07430","West","Urban"
"07425","West","Urban"
"07450","West","Urban"
"07572","West","Urban"
"07570","West","Urban"
"07571","West","Urban"
"07190","West","Urban"
"07770","West","Urban"
"07700","West","Urban"
"07740","West","Urban"
"07900","West","Urban"
"07860","West","Urban"
"07680","West","Urban"
"07582","West","Urban"
"07780","West","Urban"
"07960","West","Urban"
"07580","West","Urban"
"07970","West","Urban"
"07974","West","Urban"
"07965","West","Urban"
"07985","West","Urban"
"07982","West","Urban"
"07990","West","Urban"
"07994","West","Urban"
"07980","West","Urban"
"07995","West","Urban"
"07090","West","Urban"
"07170","West","Urban"
"07025","West","Urban"
"07220","West","Urban"
"07260","West","Urban"
"07080","West","Urban"
"07320","West","Urban"
"07020","West","Urban"
"07060","West","Urban"
"07070","West","Urban"
"07130","West","Urban"
"07800","West","Urban"
"07350","West","Urban"
"07390","West","Urban"
"07620","West","Urban"
"07600","West","Urban"
"07330","West","Urban"
"07550","West","Urban"
"07050","West","Urban"
"07040","West","Urban"
"07010","West","Urban"
"07160","West","Urban"
"07100","West","Urban"
"07300","West","Urban"
"07230","West","Urban"
"07030","West","Urban"
"07200","West","Urban"
"07500","West","Urban"
"75400","East","Rural"
"75402","East","Rural"
"75600","East","Rural"
"75602","East","Rural"
"75700","East","Rural"
"75780","East","Rural"
"75702","East","Rural"
"75900","East","Rural"
"75902","East","Rural"
"75100","East","Rural"
"75110","East","Rural"
"75002","East","Rural"
"75210","East","Rural"
"75802","East","Rural"
"75800","East","Rural"
"08300","Central","Rural"
"08390","Central","Rural"
"08200","Central","Urban"
"08290","Central","Urban"
"08400","Central","Rural"
"08490","Central","Rural"
"08600","Central","Urban"
"08690","Central","Urban"
"08610","Central","Rural"
"08620","Central","Rural"
"08010","Central","Rural"
"08100","Central","Rural"
"08500","Central","Urban"
"08590","Central","Urban"
"08790","Central","Rural"
"08700","Central","Rural"
"08890","Central","Rural"
"08800","Central","Rural"
"09760","West","Urban"
"09670","West","Urban"
"09500","West","Urban"
"09320","West","Urban"
"09270","West","Urban"
"09100","West","Urban"
"09020","West","Urban"
"09010","West","Urban"
"09630","West","Urban"
"09700","West","Urban"
"09330","West","Urban"
"09600","West","Urban"
"09370","West","Urban"
"09540","West","Urban"
"09970","West","Urban"
"09570","West","Urban"
"09400","West","Urban"
"09930","West","Urban"
"09800","West","Urban"
"09900","West","Urban"
"09200","West","Urban"
"09470","West","Urban"
"09350","West","Urban"
"10100","Marmara","Urban"
"10190","Marmara","Urban"
"10040","Marmara","Urban"
"10195","Marmara","Urban"
"10140","Marmara","Urban"
"10050","Marmara","Urban"
"10405","Marmara","Urban"
"10280","Marmara","Urban"
"10400","Marmara","Urban"
"10410","Marmara","Urban"
"10840","Marmara","Urban"
"10842","Marmara","Urban"
"10245","Marmara","Urban"
"10200","Marmara","Urban"
"10202","Marmara","Urban"
"10250","Marmara","Urban"
"10440","Marmara","Urban"
"10463","Marmara","Urban"
"10442","Marmara","Urban"
"10700","Marmara","Urban"
"10702","Marmara","Urban"
"10730","Marmara","Urban"
"10800","Marmara","Urban"
"10802","Marmara","Urban"
"10390","Marmara","Urban"
"10870","Marmara","Urban"
"10300","Marmara","Urban"
"10502","Marmara","Urban"
"10500","Marmara","Urban"
"10717","Marmara","Urban"
"10715","Marmara","Urban"
"10720","Marmara","Urban"
"10900","Marmara","Urban"
"10902","Marmara","Urban"
"10680","Marmara","Urban"
"10560","Marmara","Urban"
"10562","Marmara","Urban"
"10785","Marmara","Urban"
"10095","Marmara","Urban"
"10770","Marmara","Urban"
"10780","Marmara","Urban"
"10775","Marmara","Urban"
"10772","Marmara","Urban"
"10020","Marmara","Urban"
"10010","Marmara","Urban"
"10030","Marmara","Urban"
"10180","Marmara","Urban"
"10660","Marmara","Urban"
"10662","Marmara","Urban"
"10472","Marmara","Urban"
"10470","Marmara","Urban"
"10940","Marmara","Urban"
"10360","Marmara","Urban"
"10582","Marmara","Urban"
"10590","Marmara","Urban"
"10580","Marmara","Urban"
"10332","Marmara","Urban"
"10330","Marmara","Urban"
"10610","Marmara","Urban"
"10602","Marmara","Urban"
"10600","Marmara","Urban"
"74300","Central","Rural"
"74310","Central","Rural"
"74500","Central","Rural"
"74510","Central","Rural"
"74100","Central","Rural"
"74420","Central","Rural"
"74400","Central","Rural"
"74110","Central","Rural"
"74200","Central","Rural"
"74610","Central","Rural"
"74410","Central","Rural"
"74602","Central","Rural"
"74600","Central","Rural"
"72200","East","Rural"
"72240","East","Rural"
"72202","East","Rural"
"72300","East","Rural"
"72310","East","Rural"
"72302","East","Rural"
"72350","East","Rural"
"72352","East","Rural"
"72420","East","Rural"
"72400","East","Rural"
"72402","East","Rural"
"72030","East","Urban"
"72050","East","Urban"
"72070","East","Urban"
"72060","East","Urban"
"72100","East","Urban"
"72040","East","Urban"
"72502","East","Rural"
"72500","East","Rural"
"72510","East","Rural"
"69500","Central","Rural"
"69502","Central","Rural"
"69400","Central","Rural"
"69450","Central","Rural"
"69402","Central","Rural"
"69300","Central","Rural"
"69010","Central","Rural"
"69350","Central","Rural"
"69002","Central","Rural"
"11300","Marmara","Urban"
"11460","Marmara","Urban"
"11302","Marmara","Urban"
"11700","Marmara","Rural"
"11702","Marmara","Rural"
"11640","Marmara","Rural"
"11642","Marmara","Rural"
"11120","Marmara","Urban"
"11100","Marmara","Urban"
"11230","Marmara","Urban"
"11130","Marmara","Urban"
"11502","Marmara","Rural"
"11500","Marmara","Rural"
"11802","Marmara","Rural"
"11800","Marmara","Rural"
"11602","Marmara","Rural"
"11600","Marmara","Rural"
"11782","Marmara","Rural"
"11780","Marmara","Rural"
"12600","East","Rural"
"12602","East","Rural"
"12500","East","Rural"
"12502","East","Rural"
"12900","East","Rural"
"12902","East","Rural"
"12800","East","Rural"
"12802","East","Rural"
"12400","East","Rural"
"12010","East","Rural"
"12402","East","Rural"
"12002","East","Rural"
"12300","East","Rural"
"12705","East","Rural"
"12702","East","Rural"
"12700","East","Rural"
"12652","East","Rural"
"12650","East","Rural"
"12832","East","Rural"
"12830","East","Rural"
"13500","East","Rural"
"13504","East","Rural"
"13502","East","Rural"
"13400","East","Rural"
"13402","East","Rural"
"13403","East","Rural"
"13810","East","Rural"
"13803","East","Rural"
"13800","East","Rural"
"13802","East","Rural"
"13600","East","Rural"
"13602","East","Rural"
"13100","East","Rural"
"13001","East","Rural"
"13002","East","Rural"
"13003","East","Rural"
"13703","East","Rural"
"13705","East","Rural"
"13702","East","Rural"
"13704","East","Rural"
"13700","East","Rural"
"13202","East","Urban"
"13200","East","Urban"
"13201","East","Urban"
"14910","Central","Rural"
"14912","Central","Rural"
"14900","Central","Rural"
"14902","Central","Rural"
"14780","Central","Rural"
"14782","Central","Rural"
"14610","Central","Rural"
"14612","Central","Rural"
"14850","Central","Rural"
"14840","Central","Rural"
"14842","Central","Rural"
"14300","Central","Urban"
"14200","Central","Urban"
"14285","Central","Urban"
"14100","Central","Urban"
"14030","Central","Urban"
"14802","Central","Rural"
"14800","Central","Rural"
"14810","Central","Rural"
"14752","Central","Rural"
"14750","Central","Rural"
"14652","Central","Rural"
"14650","Central","Rural"
"15800","West","Rural"
"15802","West","Rural"
"15420","West","Rural"
"15422","West","Rural"
"15300","West","Rural"
"15310","West","Rural"
"15325","West","Rural"
"15302","West","Rural"
"15900","West","Rural"
"15902","West","Rural"
"15930","West","Rural"
"15070","West","Rural"
"15072","West","Rural"
"15400","West","Rural"
"15402","West","Rural"
"15413","West","Rural"
"15700","West","Rural"
"15702","West","Rural"
"15090","West","Rural"
"15092","West","Rural"
"15100","West","Urban"
"15200","West","Urban"
"15050","West","Urban"
"15040","West","Urban"
"15030","West","Urban"
"15602","West","Rural"
"15600","West","Rural"
"15502","West","Rural"
"15500","West","Rural"
"16990","Marmara","Urban"
"16600","Marmara","Urban"
"16580","Marmara","Urban"
"16770","Marmara","Urban"
"16400","Marmara","Urban"
"16860","Marmara","Urban"
"16700","Marmara","Urban"
"16740","Marmara","Urban"
"16450","Marmara","Urban"
"16940","Marmara","Urban"
"16500","Marmara","Urban"
"16285","Marmara","Urban"
"16230","Marmara","Urban"
"16210","Marmara","Urban"
"16225","Marmara","Urban"
"16260","Marmara","Urban"
"16275","Marmara","Urban"
"16235","Marmara","Urban"
"16240","Marmara","Urban"
"16280","Marmara","Urban"
"16200","Marmara","Urban"
"16250","Marmara","Urban"
"16265","Marmara","Urban"
"16290","Marmara","Urban"
"16220","Marmara","Urban"
"16215","Marmara","Urban"
"16270","Marmara","Urban"
"16980","Marmara","Urban"
"16800","Marmara","Urban"
"16150","Marmara","Urban"
"16050","Marmara","Urban"
"16170","Marmara","Urban"
"16080","Marmara","Urban"
"16090","Marmara","Urban"
"16030","Marmara","Urban"
"16070","Marmara","Urban"
"16120","Marmara","Urban"
"16110","Marmara","Urban"
"16180","Marmara","Urban"
"16175","Marmara","Urban"
"16020","Marmara","Urban"
"16060","Marmara","Urban"
"16160","Marmara","Urban"
"16140","Marmara","Urban"
"16010","Marmara","Urban"
"16190","Marmara","Urban"
"16130","Marmara","Urban"
"16100","Marmara","Urban"
"16040","Marmara","Urban"
"16165","Marmara","Urban"
"16900","Marmara","Urban"
"16330","Marmara","Urban"
"16320","Marmara","Urban"
"16340","Marmara","Urban"
"16370","Marmara","Urban"
"16300","Marmara","Urban"
"16310","Marmara","Urban"
"16360","Marmara","Urban"
"16350","Marmara","Urban"
"17860","Marmara","Rural"
"17980","Marmara","Rural"
"17862","Marmara","Rural"
"17700","Marmara","Rural"
"17720","Marmara","Rural"
"17722","Marmara","Rural"
"17721","Marmara","Rural"
"17200","Marmara","Rural"
"17300","Marmara","Rural"
"17950","Marmara","Rural"
"17202","Marmara","Rural"
"17680","Marmara","Urban"
"17400","Marmara","Rural"
"17402","Marmara","Rural"
"17410","Marmara","Rural"
"17900","Marmara","Rural"
"17902","Marmara","Rural"
"17600","Marmara","Rural"
"17610","Marmara","Rural"
"17602","Marmara","Rural"
"17360","Marmara","Rural"
"17500","Marmara","Rural"
"17340","Marmara","Rural"
"17502","Marmara","Rural"
"17760","Marmara","Rural"
"17762","Marmara","Rural"
"17810","Marmara","Rural"
"17800","Marmara","Rural"
"17802","Marmara","Rural"
"17820","Marmara","Rural"
"17020","Marmara","Rural"
"17010","Marmara","Rural"
"17110","Marmara","Rural"
"17100","Marmara","Rural"
"17560","Marmara","Rural"
"17552","Marmara","Rural"
"17550","Marmara","Rural"
"18310","Central","Rural"
"18315","Central","Rural"
"18312","Central","Rural"
"18320","Central","Rural"
"18322","Central","Rural"
"18600","Central","Rural"
"18602","Central","Rural"
"18630","Central","Rural"
"18700","Central","Rural"
"18702","Central","Rural"
"18400","Central","Rural"
"18402","Central","Rural"
"18280","Central","Rural"
"18282","Central","Rural"
"18260","Central","Rural"
"18262","Central","Rural"
"18300","Central","Rural"
"18302","Central","Rural"
"18100","Central","Urban"
"18010","Central","Urban"
"18200","Central","Urban"
"18802","Central","Rural"
"18800","Central","Rural"
"18810","Central","Rural"
"18652","Central","Rural"
"18650","Central","Rural"
"18902","Central","Rural"
"18900","Central","Rural"
"19600","Central","Rural"
"19602","Central","Rural"
"19800","Central","Rural"
"19802","Central","Rural"
"19310","Central","Rural"
"19312","Central","Rural"
"19060","Central","Rural"
"19062","Central","Rural"
"19400","Central","Rural"
"19402","Central","Rural"
"19900","Central","Rural"
"19902","Central","Rural"
"19020","Central","Rural"
"19022","Central","Rural"
"19700","Central","Rural"
"19702","Central","Rural"
"19015","Central","Urban"
"19100","Central","Urban"
"19030","Central","Urban"
"19010","Central","Urban"
"19040","Central","Urban"
"19200","Central","Urban"
"19070","Central","Rural"
"19072","Central","Rural"
"19955","Central","Rural"
"19952","Central","Rural"
"19950","Central","Rural"
"19502","Central","Rural"
"19500","Central","Rural"
"19302","Central","Rural"
"19300","Central","Rural"
"19412","Central","Rural"
"19410","Central","Rural"
"20800","West","Urban"
"20480","West","Urban"
"20770","West","Urban"
"20930","West","Urban"
"20590","West","Urban"
"20370","West","Urban"
"20400","West","Urban"
"20700","West","Urban"
"20980","West","Urban"
"20350","West","Urban"
"20600","West","Urban"
"20460","West","Urban"
"20330","West","Urban"
"20570","West","Urban"
"20040","West","Urban"
"20030","West","Urban"
"20010","West","Urban"
"20020","West","Urban"
"20050","West","Urban"
"20060","West","Urban"
"20260","West","Urban"
"20190","West","Urban"
"20150","West","Urban"
"20170","West","Urban"
"20160","West","Urban"
"20300","West","Urban"
"20430","West","Urban"
"20500","West","Urban"
"21050","East","Urban"
"21090","East","Urban"
"21080","East","Urban"
"21500","East","Urban"
"21600","East","Urban"
"21750","East","Urban"
"21870","East","Urban"
"21830","East","Urban"
"21470","East","Urban"
"21950","East","Urban"
"21800","East","Urban"
"21560","East","Urban"
"21070","East","Urban"
"21450","East","Urban"
"21900","East","Urban"
"21700","East","Urban"
"21640","East","Urban"
"21200","East","Urban"
"21300","East","Urban"
"21120","East","Urban"
"21010","East","Urban"
"21100","East","Urban"
"81650","Central","Rural"
"81652","Central","Rural"
"81750","Central","Rural"
"81752","Central","Rural"
"81700","Central","Rural"
"81702","Central","Rural"
"81800","Central","Rural"
"81802","Central","Rural"
"81850","Central","Rural"
"81852","Central","Rural"
"81900","Central","Rural"
"81902","Central","Rural"
"81630","Central","Rural"
"81600","Central","Rural"
"81610","Central","Rural"
"81010","Central","Rural"
"81020","Central","Rural"
"81040","Central","Rural"
"81030","Central","Rural"
"81620","Central","Rural"
"81100","Central","Rural"
"81952","Central","Rural"
"81950","Central","Rural"
"22700","Marmara","Rural"
"22750","Marmara","Rural"
"22530","Marmara","Rural"
"22500","Marmara","Rural"
"22532","Marmara","Rural"
"22440","Marmara","Rural"
"22400","Marmara","Rural"
"22490","Marmara","Rural"
"22420","Marmara","Rural"
"22890","Marmara","Rural"
"22800","Marmara","Rural"
"22410","Marmara","Rural"
"22880","Marmara","Rural"
"22810","Marmara","Rural"
"22272","Marmara","Rural"
"22950","Marmara","Rural"
"22970","Marmara","Rural"
"22610","Marmara","Rural"
"22600","Marmara","Rural"
"22680","Marmara","Rural"
"22670","Marmara","Rural"
"22100","Marmara","Urban"
"22130","Marmara","Urban"
"22580","Marmara","Rural"
"22560","Marmara","Rural"
"22300","Marmara","Rural"
"22270","Marmara","Rural"
"22402","Marmara","Rural"
"22260","Marmara","Rural"
"22360","Marmara","Rural"
"22200","Marmara","Rural"
"23960","East","Rural"
"23962","East","Rural"
"23410","East","Rural"
"23412","East","Rural"
"23510","East","Rural"
"23527","East","Rural"
"23519","East","Rural"
"23512","East","Rural"
"23523","East","Rural"
"23800","East","Rural"
"23802","East","Rural"
"23600","East","Rural"
"23602","East","Rural"
"23650","East","Rural"
"23700","East","Rural"
"23702","East","Rural"
"23850","East","Rural"
"23852","East","Rural"
"23400","East","Rural"
"23402","East","Rural"
"23270","East","Urban"
"23090","East","Urban"
"23050","East","Urban"
"23280","East","Urban"
"23150","East","Urban"
"23370","East","Urban"
"23200","East","Urban"
"23350","East","Urban"
"23250","East","Urban"
"23300","East","Urban"
"23100","East","Urban"
"23040","East","Urban"
"23180","East","Urban"
"23190","East","Urban"
"23530","East","Rural"
"23502","East","Rural"
"23500","East","Rural"
"23902","East","Rural"
"23900","East","Rural"
"24500","East","Rural"
"24503","East","Rural"
"24700","East","Rural"
"24710","East","Rural"
"24400","East","Rural"
"24402","East","Rural"
"24610","East","Rural"
"24620","East","Rural"
"24600","East","Rural"
"24602","East","Rural"
"24100","East","Urban"
"24050","East","Urban"
"24130","East","Urban"
"24002","East","Urban"
"24055","East","Urban"
"24515","East","Urban"
"24510","East","Urban"
"24302","East","Rural"
"24300","East","Rural"
"24870","East","Rural"
"24880","East","Rural"
"24860","East","Rural"
"24802","East","Rural"
"24800","East","Rural"
"24160","East","Rural"
"24152","East","Rural"
"24150","East","Rural"
"25500","East","Urban"
"25700","East","Urban"
"25750","East","Urban"
"25600","East","Urban"
"25800","East","Urban"
"25900","East","Urban"
"25610","East","Urban"
"25830","East","Urban"
"25320","East","Urban"
"25530","East","Urban"
"25400","East","Urban"
"25650","East","Urban"
"25080","East","Urban"
"25070","East","Urban"
"25300","East","Urban"
"25930","East","Urban"
"25360","East","Urban"
"25560","East","Urban"
"25430","East","Urban"
"25440","East","Urban"
"25200","East","Urban"
"25050","East","Urban"
"25100","East","Urban"
"26850","Central","Urban"
"26750","Central","Urban"
"26700","Central","Urban"
"26630","Central","Urban"
"26710","Central","Urban"
"26670","Central","Urban"
"26800","Central","Urban"
"26880","Central","Urban"
"26940","Central","Urban"
"26030","Central","Urban"
"26010","Central","Urban"
"26040","Central","Urban"
"26080","Central","Urban"
"26100","Central","Urban"
"26060","Central","Urban"
"26004","Central","Urban"
"26090","Central","Urban"
"26576","Central","Urban"
"26160","Central","Urban"
"26250","Central","Urban"
"26140","Central","Urban"
"26240","Central","Urban"
"26020","Central","Urban"
"26050","Central","Urban"
"26870","Central","Urban"
"26950","Central","Urban"
"26600","Central","Urban"
"26170","Central","Urban"
"26130","Central","Urban"
"26180","Central","Urban"
"26563","Central","Urban"
"26220","Central","Urban"
"26230","Central","Urban"
"26120","Central","Urban"
"26555","Central","Urban"
"26150","Central","Urban"
"26005","Central","Urban"
"26190","Central","Urban"
"26210","Central","Urban"
"27650","East","Urban"
"27800","East","Urban"
"27880","East","Urban"
"27700","East","Urban"
"27840","East","Urban"
"27900","East","Urban"
"27920","East","Urban"
"27220","East","Urban"
"27300","East","Urban"
"27200","East","Urban"
"27470","East","Urban"
"27070","East","Urban"
"27100","East","Urban"
"27010","East","Urban"
"27400","East","Urban"
"27080","East","Urban"
"27060","East","Urban"
"27580","East","Urban"
"27560","East","Urban"
"27090","East","Urban"
"27500","East","Urban"
"27110","East","Urban"
"27590","East","Urban"
"27620","East","Urban"
"27630","East","Urban"
"27970","East","Urban"
"28700","Central","Rural"
"28702","Central","Rural"
"28328","Central","Rural"
"28300","Central","Rural"
"28310","Central","Rural"
"28302","Central","Rural"
"28710","Central","Rural"
"28712","Central","Rural"
"28810","Central","Rural"
"28950","Central","Rural"
"28952","Central","Rural"
"28960","Central","Rural"
"28510","Central","Rural"
"28512","Central","Rural"
"28600","Central","Rural"
"28602","Central","Rural"
"28605","Central","Rural"
"28850","Central","Rural"
"28852","Central","Rural"
"28860","Central","Rural"
"28820","Central","Rural"
"28800","Central","Rural"
"28802","Central","Rural"
"28520","Central","Rural"
"28522","Central","Rural"
"28900","Central","Rural"
"28902","Central","Rural"
"28100","Central","Urban"
"28200","Central","Urban"
"28030","Central","Urban"
"28018","Central","Urban"
"28342","Central","Rural"
"28340","Central","Rural"
"28402","Central","Rural"
"28400","Central","Rural"
"28502","Central","Rural"
"28500","Central","Rural"
"28612","Central","Rural"
"28615","Central","Rural"
"28610","Central","Rural"
"29610","Central","Rural"
"29615","Central","Rural"
"29600","Central","Rural"
"29602","Central","Rural"
"29620","Central","Rural"
"29625","Central","Rural"
"29630","Central","Rural"
"29650","Central","Rural"
"29652","Central","Rural"
"29830","Central","Rural"
"29832","Central","Rural"
"29810","Central","Rural"
"29020","Central","Rural"
"29010","Central","Rural"
"29100","Central","Rural"
"29702","Central","Rural"
"29700","Central","Rural"
"29750","Central","Rural"
"29802","Central","Rural"
"29800","Central","Rural"
"30720","East","Rural"
"30700","East","Rural"
"30702","East","Rural"
"30600","East","Rural"
"30650","East","Rural"
"30120","East","Rural"
"30100","East","Rural"
"30110","East","Rural"
"30802","East","Rural"
"30800","East","Rural"
"30330","East","Rural"
"30400","East","Rural"
"30302","East","Rural"
"30300","East","Rural"
"31750","West","Urban"
"31040","West","Urban"
"31060","West","Urban"
"31030","West","Urban"
"31070","West","Urban"
"31225","West","Urban"
"31290","West","Urban"
"31350","West","Urban"
"31160","West","Urban"
"31600","West","Urban"
"31960","West","Urban"
"31700","West","Urban"
"31280","West","Urban"
"31200","West","Urban"
"31230","West","Urban"
"31300","West","Urban"
"31240","West","Urban"
"31440","West","Urban"
"31520","West","Urban"
"31900","West","Urban"
"31500","West","Urban"
"31800","West","Urban"
"31550","West","Urban"
"76500","East","Rural"
"76502","East","Rural"
"76700","East","Rural"
"76702","East","Rural"
"76410","East","Rural"
"76420","East","Rural"
"76103","East","Rural"
"76401","East","Rural"
"76002","East","Rural"
"76902","East","Rural"
"76900","East","Rural"
"32510","West","Rural"
"32512","West","Rural"
"32670","West","Rural"
"32672","West","Rural"
"32500","West","Rural"
"32502","West","Rural"
"32550","West","Rural"
"32900","West","Rural"
"32902","West","Rural"
"32090","West","Rural"
"32720","West","Rural"
"32092","West","Rural"
"32700","West","Rural"
"32702","West","Rural"
"32750","West","Rural"
"32040","West","Urban"
"32300","West","Urban"
"32110","West","Urban"
"32100","West","Urban"
"32005","West","Urban"
"32200","West","Urban"
"32120","West","Urban"
"32810","West","Rural"
"32820","West","Rural"
"32802","West","Rural"
"32800","West","Rural"
"32610","West","Rural"
"32602","West","Rural"
"32600","West","Rural"
"32952","West","Rural"
"32950","West","Rural"
"32652","West","Urban"
"32650","West","Urban"
"32430","West","Rural"
"32402","West","Rural"
"32400","West","Rural"
"32852","West","Urban"
"32850","West","Urban"
"34975","Marmara","Urban"
"34970","Marmara","Urban"
"34973","Marmara","Urban"
"34977","Marmara","Urban"
"34275","Marmara","Urban"
"34277","Marmara","Urban"
"34285","Marmara","Urban"
"34287","Marmara","Urban"
"34555","Marmara","Urban"
"34281","Marmara","Urban"
"34283","Marmara","Urban"
"34758","Marmara","Urban"
"34888","Marmara","Urban"
"34752","Marmara","Urban"
"34755","Marmara","Urban"
"34750","Marmara","Urban"
"34707","Marmara","Urban"
"34704","Marmara","Urban"
"34779","Marmara","Urban"
"34746","Marmara","Urban"
"34315","Marmara","Urban"
"34310","Marmara","Urban"
"34325","Marmara","Urban"
"34320","Marmara","Urban"
"34200","Marmara","Urban"
"34212","Marmara","Urban"
"34218","Marmara","Urban"
"34180","Marmara","Urban"
"34188","Marmara","Urban"
"34197","Marmara","Urban"
"34158","Marmara","Urban"
"34142","Marmara","Urban"
"34153","Marmara","Urban"
"34145","Marmara","Urban"
"34146","Marmara","Urban"
"34149","Marmara","Urban"
"34140","Marmara","Urban"
"34147","Marmara","Urban"
"34494","Marmara","Urban"
"34488","Marmara","Urban"
"34480","Marmara","Urban"
"34490","Marmara","Urban"
"34492","Marmara","Urban"
"34035","Marmara","Urban"
"34040","Marmara","Urban"
"34030","Marmara","Urban"
"34045","Marmara","Urban"
"34022","Marmara","Urban"
"34335","Marmara","Urban"
"34345","Marmara","Urban"
"34342","Marmara","Urban"
"34337","Marmara","Urban"
"34349","Marmara","Urban"
"34340","Marmara","Urban"
"34330","Marmara","Urban"
"34347","Marmara","Urban"
"34357","Marmara","Urban"
"34810","Marmara","Urban"
"34820","Marmara","Urban"
"34830","Marmara","Urban"
"34805","Marmara","Urban"
"34815","Marmara","Urban"
"34800","Marmara","Urban"
"34829","Marmara","Urban"
"34825","Marmara","Urban"
"34520","Marmara","Urban"
"34528","Marmara","Urban"
"34524","Marmara","Urban"
"34421","Marmara","Urban"
"34433","Marmara","Urban"
"34445","Marmara","Urban"
"34430","Marmara","Urban"
"34440","Marmara","Urban"
"34425","Marmara","Urban"
"34427","Marmara","Urban"
"34437","Marmara","Urban"
"34435","Marmara","Urban"
"34500","Marmara","Urban"
"34534","Marmara","Urban"
"34530","Marmara","Urban"
"34535","Marmara","Urban"
"34537","Marmara","Urban"
"34540","Marmara","Urban"
"34794","Marmara","Urban"
"34782","Marmara","Urban"
"34799","Marmara","Urban"
"34788","Marmara","Urban"
"34230","Marmara","Urban"
"34220","Marmara","Urban"
"34225","Marmara","Urban"
"34235","Marmara","Urban"
"34517","Marmara","Urban"
"34510","Marmara","Urban"
"34522","Marmara","Urban"
"34515","Marmara","Urban"
"34513","Marmara","Urban"
"34538","Marmara","Urban"
"34060","Marmara","Urban"
"34070","Marmara","Urban"
"34050","Marmara","Urban"
"34077","Marmara","Urban"
"34076","Marmara","Urban"
"34075","Marmara","Urban"
"34055","Marmara","Urban"
"34065","Marmara","Urban"
"34096","Marmara","Urban"
"34087","Marmara","Urban"
"34126","Marmara","Urban"
"34110","Marmara","Urban"
"34080","Marmara","Urban"
"34091","Marmara","Urban"
"34098","Marmara","Urban"
"34130","Marmara","Urban"
"34120","Marmara","Urban"
"34112","Marmara","Urban"
"34122","Marmara","Urban"
"34104","Marmara","Urban"
"34116","Marmara","Urban"
"34093","Marmara","Urban"
"34134","Marmara","Urban"
"34107","Marmara","Urban"
"34083","Marmara","Urban"
"34245","Marmara","Urban"
"34250","Marmara","Urban"
"34255","Marmara","Urban"
"34240","Marmara","Urban"
"34160","Marmara","Urban"
"34164","Marmara","Urban"
"34165","Marmara","Urban"
"34173","Marmara","Urban"
"34744","Marmara","Urban"
"34728","Marmara","Urban"
"34710","Marmara","Urban"
"34722","Marmara","Urban"
"34738","Marmara","Urban"
"34726","Marmara","Urban"
"34724","Marmara","Urban"
"34720","Marmara","Urban"
"34730","Marmara","Urban"
"34718","Marmara","Urban"
"34742","Marmara","Urban"
"34732","Marmara","Urban"
"34736","Marmara","Urban"
"34714","Marmara","Urban"
"34716","Marmara","Urban"
"34734","Marmara","Urban"
"34740","Marmara","Urban"
"34403","Marmara","Urban"
"34413","Marmara","Urban"
"34410","Marmara","Urban"
"34400","Marmara","Urban"
"34408","Marmara","Urban"
"34406","Marmara","Urban"
"34418","Marmara","Urban"
"34415","Marmara","Urban"
"34862","Marmara","Urban"
"34870","Marmara","Urban"
"34860","Marmara","Urban"
"34865","Marmara","Urban"
"34880","Marmara","Urban"
"34873","Marmara","Urban"
"34882","Marmara","Urban"
"34876","Marmara","Urban"
"34307","Marmara","Urban"
"34303","Marmara","Urban"
"34290","Marmara","Urban"
"34295","Marmara","Urban"
"34854","Marmara","Urban"
"34858","Marmara","Urban"
"34846","Marmara","Urban"
"34843","Marmara","Urban"
"34848","Marmara","Urban"
"34841","Marmara","Urban"
"34840","Marmara","Urban"
"34844","Marmara","Urban"
"34852","Marmara","Urban"
"34893","Marmara","Urban"
"34899","Marmara","Urban"
"34890","Marmara","Urban"
"34896","Marmara","Urban"
"34903","Marmara","Urban"
"34916","Marmara","Urban"
"34906","Marmara","Urban"
"34909","Marmara","Urban"
"34912","Marmara","Urban"
"34885","Marmara","Urban"
"34887","Marmara","Urban"
"34785","Marmara","Urban"
"34791","Marmara","Urban"
"34473","Marmara","Urban"
"34453","Marmara","Urban"
"34467","Marmara","Urban"
"34460","Marmara","Urban"
"34485","Marmara","Urban"
"34470","Marmara","Urban"
"34450","Marmara","Urban"
"34457","Marmara","Urban"
"34464","Marmara","Urban"
"34990","Marmara","Urban"
"34983","Marmara","Urban"
"34980","Marmara","Urban"
"34594","Marmara","Urban"
"34580","Marmara","Urban"
"34586","Marmara","Urban"
"34582","Marmara","Urban"
"34588","Marmara","Urban"
"34596","Marmara","Urban"
"34592","Marmara","Urban"
"34590","Marmara","Urban"
"34570","Marmara","Urban"
"34375","Marmara","Urban"
"34380","Marmara","Urban"
"34379","Marmara","Urban"
"34394","Marmara","Urban"
"34377","Marmara","Urban"
"34371","Marmara","Urban"
"34367","Marmara","Urban"
"34381","Marmara","Urban"
"34363","Marmara","Urban"
"34384","Marmara","Urban"
"34373","Marmara","Urban"
"34365","Marmara","Urban"
"34920","Marmara","Urban"
"34935","Marmara","Urban"
"34925","Marmara","Urban"
"34930","Marmara","Urban"
"34265","Marmara","Urban"
"34270","Marmara","Urban"
"34260","Marmara","Urban"
"34959","Marmara","Urban"
"34953","Marmara","Urban"
"34940","Marmara","Urban"
"34947","Marmara","Urban"
"34950","Marmara","Urban"
"34956","Marmara","Urban"
"34944","Marmara","Urban"
"34773","Marmara","Urban"
"34760","Marmara","Urban"
"34764","Marmara","Urban"
"34774","Marmara","Urban"
"34776","Marmara","Urban"
"34771","Marmara","Urban"
"34768","Marmara","Urban"
"34766","Marmara","Urban"
"34762","Marmara","Urban"
"34775","Marmara","Urban"
"34660","Marmara","Urban"
"34662","Marmara","Urban"
"34688","Marmara","Urban"
"34676","Marmara","Urban"
"34696","Marmara","Urban"
"34697","Marmara","Urban"
"34680","Marmara","Urban"
"34692","Marmara","Urban"
"34684","Marmara","Urban"
"34682","Marmara","Urban"
"34674","Marmara","Urban"
"34672","Marmara","Urban"
"34664","Marmara","Urban"
"34668","Marmara","Urban"
"34700","Marmara","Urban"
"34690","Marmara","Urban"
"34025","Marmara","Urban"
"34015","Marmara","Urban"
"34020","Marmara","Urban"
"34010","Marmara","Urban"
"35800","West","Urban"
"35820","West","Urban"
"35330","West","Urban"
"35840","West","Urban"
"35845","West","Urban"
"35843","West","Urban"
"35540","West","Urban"
"35530","West","Urban"
"35510","West","Urban"
"35535","West","Urban"
"35520","West","Urban"
"35700","West","Urban"
"35790","West","Urban"
"35080","West","Urban"
"35030","West","Urban"
"35040","West","Urban"
"35090","West","Urban"
"35070","West","Urban"
"35100","West","Urban"
"35050","West","Urban"
"35060","West","Urban"
"35390","West","Urban"
"35400","West","Urban"
"35370","West","Urban"
"35395","West","Urban"
"35380","West","Urban"
"35937","West","Urban"
"35930","West","Urban"
"35932","West","Urban"
"35640","West","Urban"
"35620","West","Urban"
"35610","West","Urban"
"35650","West","Urban"
"35980","West","Urban"
"35683","West","Urban"
"35680","West","Urban"
"35687","West","Urban"
"35410","West","Urban"
"35310","West","Urban"
"35140","West","Urban"
"35150","West","Urban"
"35130","West","Urban"
"35120","West","Urban"
"35160","West","Urban"
"35110","West","Urban"
"35960","West","Urban"
"35970","West","Urban"
"35600","West","Urban"
"35570","West","Urban"
"35590","West","Urban"
"35575","West","Urban"
"35580","West","Urban"
"35560","West","Urban"
"35550","West","Urban"
"35737","West","Urban"
"35743","West","Urban"
"35730","West","Urban"
"35733","West","Urban"
"35735","West","Urban"
"35990","West","Urban"
"35890","West","Urban"
"35220","West","Urban"
"35240","West","Urban"
"35270","West","Urban"
"35190","West","Urban"
"35180","West","Urban"
"35290","West","Urban"
"35230","West","Urban"
"35250","West","Urban"
"35260","West","Urban"
"35280","West","Urban"
"35210","West","Urban"
"35170","West","Urban"
"35479","West","Urban"
"35472","West","Urban"
"35474","West","Urban"
"35473","West","Urban"
"35480","West","Urban"
"35476","West","Urban"
"35471","West","Urban"
"35495","West","Urban"
"35477","West","Urban"
"35660","West","Urban"
"35320","West","Urban"
"35750","West","Urban"
"35465","West","Urban"
"35460","West","Urban"
"35485","West","Urban"
"35920","West","Urban"
"35900","West","Urban"
"35870","West","Urban"
"35880","West","Urban"
"35865","West","Urban"
"35885","West","Urban"
"35860","West","Urban"
"35875","West","Urban"
"35862","West","Urban"
"35432","West","Urban"
"35436","West","Urban"
"35450","West","Urban"
"35441","West","Urban"
"35433","West","Urban"
"35437","West","Urban"
"35434","West","Urban"
"35430","West","Urban"
"35445","West","Urban"
"46500","West","Urban"
"46400","West","Urban"
"46430","West","Urban"
"46720","West","Urban"
"46100","West","Urban"
"46130","West","Urban"
"46080","West","Urban"
"46030","West","Urban"
"46360","West","Urban"
"46300","West","Urban"
"46600","West","Urban"
"46370","West","Urban"
"46050","West","Urban"
"46040","West","Urban"
"46140","West","Urban"
"46700","West","Urban"
"46800","West","Urban"
"78300","Central","Rural"
"78302","Central","Rural"
"78400","Central","Rural"
"78402","Central","Rural"
"78050","Central","Urban"
"78030","Central","Urban"
"78020","Central","Urban"
"78100","Central","Urban"
"78010","Central","Urban"
"78200","Central","Urban"
"78502","Central","Rural"
"78500","Central","Rural"
"78602","Central","Rural"
"78600","Central","Rural"
"78702","Central","Rural"
"78700","Central","Rural"
"78703","Central","Rural"
"70500","Central","Rural"
"70502","Central","Rural"
"70700","Central","Rural"
"70702","Central","Rural"
"70400","Central","Rural"
"70450","Central","Rural"
"70460","Central","Rural"
"70402","Central","Rural"
"70600","Central","Rural"
"70602","Central","Rural"
"70110","Central","Urban"
"70200","Central","Urban"
"70202","Central","Urban"
"70140","Central","Urban"
"70100","Central","Urban"
"70810","Central","Rural"
"70802","Central","Rural"
"70800","Central","Rural"
"36780","East","Rural"
"36782","East","Rural"
"36730","East","Rural"
"36732","East","Rural"
"36680","East","Rural"
"36670","East","Rural"
"36672","East","Rural"
"36700","East","Rural"
"36702","East","Rural"
"36100","East","Rural"
"36002","East","Rural"
"36502","East","Rural"
"36500","East","Rural"
"36902","East","Rural"
"36900","East","Rural"
"36762","East","Rural"
"36760","East","Rural"
"37970","Central","Urban"
"37972","Central","Urban"
"37920","Central","Rural"
"37922","Central","Rural"
"37800","Central","Rural"
"37802","Central","Rural"
"37750","Central","Rural"
"37752","Central","Rural"
"37680","Central","Rural"
"37682","Central","Rural"
"37940","Central","Rural"
"37942","Central","Rural"
"37600","Central","Rural"
"37602","Central","Rural"
"37870","Central","Rural"
"37872","Central","Rural"
"37700","Central","Rural"
"37702","Central","Rural"
"37550","Central","Rural"
"37552","Central","Rural"
"37450","Central","Rural"
"37452","Central","Rural"
"37250","Central","Rural"
"37252","Central","Rural"
"37500","Central","Rural"
"37502","Central","Rural"
"37900","Central","Rural"
"37902","Central","Rural"
"37100","Central","Urban"
"37200","Central","Urban"
"37150","Central","Urban"
"37210","Central","Urban"
"37772","Central","Rural"
"37770","Central","Rural"
"37652","Central","Rural"
"37650","Central","Rural"
"37272","Central","Rural"
"37270","Central","Rural"
"37402","Central","Rural"
"37400","Central","Rural"
"37302","Central","Rural"
"37300","Central","Rural"
"38830","Central","Urban"
"38600","Central","Urban"
"38400","Central","Urban"
"38750","Central","Urban"
"38310","Central","Urban"
"38315","Central","Urban"
"38560","Central","Urban"
"38090","Central","Urban"
"38030","Central","Urban"
"38080","Central","Urban"
"38050","Central","Urban"
"38055","Central","Urban"
"38020","Central","Urban"
"38095","Central","Urban"
"38070","Central","Urban"
"38010","Central","Urban"
"38015","Central","Urban"
"38040","Central","Urban"
"38060","Central","Urban"
"38150","Central","Urban"
"38170","Central","Urban"
"38110","Central","Urban"
"38190","Central","Urban"
"38195","Central","Urban"
"38155","Central","Urban"
"38120","Central","Urban"
"38180","Central","Urban"
"38130","Central","Urban"
"38140","Central","Urban"
"38165","Central","Urban"
"38770","Central","Urban"
"38700","Central","Urban"
"38820","Central","Urban"
"38660","Central","Urban"
"38280","Central","Urban"
"38300","Central","Urban"
"38900","Central","Urban"
"38500","Central","Urban"
"38800","Central","Urban"
"79500","East","Rural"
"79502","East","Rural"
"79090","East","Urban"
"79002","East","Urban"
"79602","East","Rural"
"79600","East","Rural"
"79702","East","Rural"
"79700","East","Rural"
"71460","Central","Urban"
"71462","Central","Urban"
"71520","Central","Rural"
"71522","Central","Rural"
"71810","Central","Rural"
"71812","Central","Rural"
"71670","Central","Rural"
"71700","Central","Rural"
"71702","Central","Rural"
"71500","Central","Urban"
"71502","Central","Urban"
"71800","Central","Rural"
"71860","Central","Rural"
"71100","Central","Urban"
"71480","Central","Urban"
"71010","Central","Urban"
"71400","Central","Urban"
"71200","Central","Urban"
"71300","Central","Urban"
"71902","Central","Rural"
"71900","Central","Rural"
"71452","Central","Urban"
"71450","Central","Urban"
"39570","Marmara","Rural"
"39200","Marmara","Rural"
"39270","Marmara","Rural"
"39240","Marmara","Rural"
"39202","Marmara","Rural"
"39500","Marmara","Rural"
"39650","Marmara","Rural"
"39502","Marmara","Rural"
"39700","Marmara","Rural"
"39702","Marmara","Rural"
"39770","Marmara","Urban"
"39780","Marmara","Urban"
"39790","Marmara","Urban"
"39750","Marmara","Urban"
"39752","Marmara","Urban"
"39002","Marmara","Urban"
"39201","Marmara","Urban"
"39160","Marmara","Urban"
"39010","Marmara","Urban"
"39100","Marmara","Urban"
"39572","Marmara","Urban"
"39640","Marmara","Rural"
"39600","Marmara","Rural"
"39310","Marmara","Rural"
"39302","Marmara","Rural"
"39300","Marmara","Rural"
"39401","Marmara","Rural"
"39480","Marmara","Rural"
"39402","Marmara","Rural"
"39652","Marmara","Rural"
"39400","Marmara","Rural"
"40720","Central","Rural"
"40723","Central","Rural"
"40722","Central","Rural"
"40320","Central","Rural"
"40322","Central","Rural"
"40020","Central","Rural"
"40060","Central","Rural"
"40700","Central","Rural"
"40730","Central","Rural"
"40702","Central","Rural"
"40300","Central","Rural"
"40390","Central","Rural"
"40302","Central","Rural"
"40100","Central","Urban"
"40002","Central","Urban"
"40080","Central","Urban"
"40502","Central","Rural"
"40500","Central","Rural"
"41030","Marmara","Urban"
"41090","Marmara","Urban"
"41140","Marmara","Urban"
"41245","Marmara","Urban"
"41275","Marmara","Urban"
"41190","Marmara","Urban"
"41420","Marmara","Urban"
"41700","Marmara","Urban"
"41900","Marmara","Urban"
"41455","Marmara","Urban"
"41400","Marmara","Urban"
"41950","Marmara","Urban"
"41650","Marmara","Urban"
"41310","Marmara","Urban"
"41300","Marmara","Urban"
"41060","Marmara","Urban"
"41001","Marmara","Urban"
"41040","Marmara","Urban"
"41200","Marmara","Urban"
"41100","Marmara","Urban"
"41050","Marmara","Urban"
"41600","Marmara","Urban"
"41500","Marmara","Urban"
"41285","Marmara","Urban"
"41080","Marmara","Urban"
"41250","Marmara","Urban"
"41295","Marmara","Urban"
"41170","Marmara","Urban"
"41180","Marmara","Urban"
"41255","Marmara","Urban"
"41800","Marmara","Urban"
"41780","Marmara","Urban"
"42390","Central","Urban"
"42395","Central","Urban"
"42460","Central","Urban"
"42570","Central","Urban"
"42560","Central","Urban"
"42550","Central","Urban"
"42450","Central","Urban"
"42705","Central","Urban"
"42700","Central","Urban"
"42630","Central","Urban"
"42920","Central","Urban"
"42855","Central","Urban"
"42850","Central","Urban"
"42890","Central","Urban"
"42500","Central","Urban"
"42505","Central","Urban"
"42510","Central","Urban"
"42900","Central","Urban"
"42480","Central","Urban"
"42940","Central","Urban"
"42930","Central","Urban"
"42950","Central","Urban"
"42910","Central","Urban"
"42340","Central","Urban"
"42310","Central","Urban"
"42320","Central","Urban"
"42490","Central","Urban"
"42830","Central","Urban"
"42980","Central","Urban"
"42690","Central","Urban"
"42698","Central","Urban"
"42696","Central","Urban"
"42610","Central","Urban"
"42600","Central","Urban"
"42620","Central","Urban"
"42605","Central","Urban"
"42800","Central","Urban"
"42400","Central","Urban"
"42050","Central","Urban"
"42210","Central","Urban"
"42290","Central","Urban"
"42030","Central","Urban"
"42020","Central","Urban"
"42770","Central","Urban"
"42775","Central","Urban"
"42780","Central","Urban"
"42040","Central","Urban"
"42190","Central","Urban"
"42200","Central","Urban"
"42140","Central","Urban"
"42270","Central","Urban"
"42010","Central","Urban"
"42090","Central","Urban"
"42430","Central","Urban"
"42440","Central","Urban"
"42100","Central","Urban"
"42250","Central","Urban"
"42160","Central","Urban"
"42070","Central","Urban"
"42110","Central","Urban"
"42120","Central","Urban"
"42150","Central","Urban"
"42080","Central","Urban"
"42060","Central","Urban"
"42280","Central","Urban"
"42170","Central","Urban"
"42180","Central","Urban"
"42130","Central","Urban"
"42370","Central","Urban"
"42380","Central","Urban"
"42360","Central","Urban"
"42960","Central","Urban"
"42970","Central","Urban"
"42470","Central","Urban"
"42530","Central","Urban"
"43800","West","Rural"
"43802","West","Rural"
"43210","West","Rural"
"43212","West","Rural"
"43710","West","Rural"
"43712","West","Rural"
"43860","West","Rural"
"43850","West","Rural"
"43852","West","Rural"
"43820","West","Rural"
"43822","West","Rural"
"43700","West","Rural"
"43702","West","Rural"
"43640","West","Rural"
"43600","West","Rural"
"43630","West","Rural"
"43602","West","Rural"
"43694","West","Rural"
"43780","West","Rural"
"43782","West","Rural"
"43020","West","Urban"
"43050","West","Urban"
"43100","West","Urban"
"43270","West","Urban"
"43290","West","Urban"
"43532","West","Rural"
"43530","West","Rural"
"43952","West","Rural"
"43950","West","Rural"
"43590","West","Rural"
"43510","West","Rural"
"43512","West","Rural"
"43511","West","Rural"
"43520","West","Rural"
"43502","West","Rural"
"43505","West","Rural"
"43500","West","Rural"
"43410","West","Rural"
"43463","West","Rural"
"43302","West","Rural"
"43300","West","Rural"
"43465","West","Rural"
"43900","West","Rural"
"44600","East","Urban"
"44800","East","Urban"
"44960","East","Urban"
"44210","East","Urban"
"44320","East","Urban"
"44100","East","Urban"
"44050","East","Urban"
"44300","East","Urban"
"44200","East","Urban"
"44170","East","Urban"
"44120","East","Urban"
"44060","East","Urban"
"44700","East","Urban"
"44500","East","Urban"
"44880","East","Urban"
"44400","East","Urban"
"44370","East","Urban"
"44760","East","Urban"
"44850","East","Urban"
"44350","East","Urban"
"44915","East","Urban"
"44070","East","Urban"
"44180","East","Urban"
"44910","East","Urban"
"44110","East","Urban"
"44090","East","Urban"
"44315","East","Urban"
"44310","East","Urban"
"44920","East","Urban"
"44080","East","Urban"
"44900","East","Urban"
"45450","West","Urban"
"45453","West","Urban"
"45200","West","Urban"
"45600","West","Urban"
"45610","West","Urban"
"45630","West","Urban"
"45650","West","Urban"
"45615","West","Urban"
"45660","West","Urban"
"45620","West","Urban"
"45900","West","Urban"
"45903","West","Urban"
"45904","West","Urban"
"45580","West","Urban"
"45753","West","Urban"
"45750","West","Urban"
"45760","West","Urban"
"45770","West","Urban"
"45730","West","Urban"
"45720","West","Urban"
"45740","West","Urban"
"45707","West","Urban"
"45700","West","Urban"
"45930","West","Urban"
"45170","West","Urban"
"45320","West","Urban"
"45350","West","Urban"
"45340","West","Urban"
"45300","West","Urban"
"45330","West","Urban"
"45470","West","Urban"
"45880","West","Urban"
"45830","West","Urban"
"45804","West","Urban"
"45815","West","Urban"
"45805","West","Urban"
"45810","West","Urban"
"45850","West","Urban"
"45820","West","Urban"
"45840","West","Urban"
"45835","West","Urban"
"45860","West","Urban"
"45870","West","Urban"
"45890","West","Urban"
"45800","West","Urban"
"45060","West","Urban"
"45020","West","Urban"
"45090","West","Urban"
"45080","West","Urban"
"45010","West","Urban"
"45070","West","Urban"
"45040","West","Urban"
"45072","West","Urban"
"45050","West","Urban"
"45970","West","Urban"
"45520","West","Urban"
"45530","West","Urban"
"45500","West","Urban"
"45540","West","Urban"
"45510","West","Urban"
"45415","West","Urban"
"45400","West","Urban"
"45420","West","Urban"
"45125","West","Urban"
"45030","West","Urban"
"45140","West","Urban"
"45120","West","Urban"
"45150","West","Urban"
"45110","West","Urban"
"47420","East","Urban"
"47060","East","Urban"
"47080","East","Urban"
"47200","East","Urban"
"47100","East","Urban"
"47750","East","Urban"
"47800","East","Urban"
"47400","East","Urban"
"47700","East","Urban"
"47510","East","Urban"
"47500","East","Urban"
"47300","East","Urban"
"47570","East","Urban"
"47860","East","Urban"
"47650","East","Urban"
"33280","West","Urban"
"33010","West","Urban"
"33060","West","Urban"
"33070","West","Urban"
"33261","West","Urban"
"33290","West","Urban"
"33040","West","Urban"
"33300","West","Urban"
"33270","West","Urban"
"33260","West","Urban"
"33020","West","Urban"
"33295","West","Urban"
"33050","West","Urban"
"33630","West","Urban"
"33640","West","Urban"
"33650","West","Urban"
"33840","West","Urban"
"33847","West","Urban"
"33707","West","Urban"
"33830","West","Urban"
"33580","West","Urban"
"33582","West","Urban"
"33730","West","Urban"
"33700","West","Urban"
"33702","West","Urban"
"33210","West","Urban"
"33200","West","Urban"
"33190","West","Urban"
"33170","West","Urban"
"33180","West","Urban"
"33600","West","Urban"
"33990","West","Urban"
"33980","West","Urban"
"33960","West","Urban"
"33950","West","Urban"
"33940","West","Urban"
"33900","West","Urban"
"33460","West","Urban"
"33480","West","Urban"
"33420","West","Urban"
"33430","West","Urban"
"33405","West","Urban"
"33450","West","Urban"
"33470","West","Urban"
"33440","West","Urban"
"33403","West","Urban"
"33410","West","Urban"
"33400","West","Urban"
"33800","West","Urban"
"33401","West","Urban"
"33404","West","Urban"
"33220","West","Urban"
"33251","West","Urban"
"33230","West","Urban"
"33090","West","Urban"
"33240","West","Urban"
"33080","West","Urban"
"33250","West","Urban"
"33120","West","Urban"
"33140","West","Urban"
"33150","West","Urban"
"33110","West","Urban"
"33112","West","Urban"
"48400","West","Urban"
"48770","West","Urban"
"48900","West","Urban"
"48300","West","Urban"
"48570","West","Urban"
"48800","West","Urban"
"48700","West","Urban"
"48050","West","Urban"
"48200","West","Urban"
"48600","West","Urban"
"48850","West","Urban"
"48640","West","Urban"
"48500","West","Urban"
"49500","East","Rural"
"49545","East","Rural"
"49510","East","Rural"
"49502","East","Rural"
"49550","East","Rural"
"49560","East","Rural"
"49520","East","Rural"
"49530","East","Rural"
"49710","East","Rural"
"49700","East","Rural"
"49702","East","Rural"
"49730","East","Rural"
"49800","East","Rural"
"49802","East","Rural"
"49540","East","Rural"
"49430","East","Rural"
"49435","East","Rural"
"49400","East","Rural"
"49402","East","Rural"
"49420","East","Rural"
"49170","East","Rural"
"49140","East","Rural"
"49160","East","Rural"
"49300","East","Rural"
"49001","East","Rural"
"49250","East","Rural"
"49180","East","Rural"
"49120","East","Rural"
"49150","East","Rural"
"49130","East","Rural"
"49610","East","Rural"
"49602","East","Rural"
"49600","East","Rural"
"50140","Central","Rural"
"50260","Central","Rural"
"50142","Central","Rural"
"50230","Central","Rural"
"50500","Central","Rural"
"50860","Central","Rural"
"50840","Central","Rural"
"50502","Central","Rural"
"50530","Central","Rural"
"50700","Central","Rural"
"50702","Central","Rural"
"50706","Central","Rural"
"50900","Central","Rural"
"50902","Central","Rural"
"50800","Central","Rural"
"50802","Central","Rural"
"50600","Central","Rural"
"50602","Central","Rural"
"50200","Central","Urban"
"50100","Central","Urban"
"50160","Central","Urban"
"50170","Central","Urban"
"50180","Central","Urban"
"50210","Central","Urban"
"50760","Central","Urban"
"50010","Central","Urban"
"50130","Central","Urban"
"50220","Central","Urban"
"50240","Central","Urban"
"50402","Central","Rural"
"50650","Central","Rural"
"50400","Central","Rural"
"51600","East","Rural"
"51603","East","Rural"
"51604","East","Rural"
"51602","East","Rural"
"51710","East","Rural"
"51700","East","Rural"
"51720","East","Rural"
"51730","East","Rural"
"51702","East","Rural"
"51660","East","Rural"
"51662","East","Rural"
"51810","East","Rural"
"51816","East","Rural"
"51815","East","Rural"
"51802","East","Rural"
"51800","East","Rural"
"51200","East","Rural"
"51015","East","Rural"
"51010","East","Rural"
"51030","East","Rural"
"51020","East","Rural"
"51050","East","Rural"
"51040","East","Rural"
"51060","East","Rural"
"51065","East","Rural"
"51075","East","Rural"
"51085","East","Rural"
"51080","East","Rural"
"51300","East","Rural"
"51280","East","Rural"
"51310","East","Rural"
"51100","East","Rural"
"51070","East","Rural"
"51110","East","Rural"
"51902","East","Rural"
"51900","East","Rural"
"52950","Central","Urban"
"52200","Central","Urban"
"52100","Central","Urban"
"52210","Central","Urban"
"52500","Central","Urban"
"52430","Central","Urban"
"52420","Central","Urban"
"52310","Central","Urban"
"52400","Central","Urban"
"52600","Central","Urban"
"52010","Central","Urban"
"52610","Central","Urban"
"52320","Central","Urban"
"52020","Central","Urban"
"52520","Central","Urban"
"52700","Central","Urban"
"52800","Central","Urban"
"52900","Central","Urban"
"52750","Central","Urban"
"52850","Central","Urban"
"52300","Central","Urban"
"80500","West","Rural"
"80502","West","Rural"
"80710","West","Rural"
"80740","West","Rural"
"80600","West","Rural"
"80730","West","Rural"
"80602","West","Rural"
"80720","West","Rural"
"80850","West","Rural"
"80852","West","Rural"
"80760","West","Rural"
"80750","West","Rural"
"80752","West","Rural"
"80010","West","Urban"
"80440","West","Urban"
"80080","West","Urban"
"80940","West","Rural"
"80902","West","Rural"
"80900","West","Rural"
"80952","West","Rural"
"80950","West","Rural"
"80990","West","Rural"
"53400","Central","Rural"
"53480","Central","Rural"
"53490","Central","Rural"
"53750","Central","Rural"
"53780","Central","Rural"
"53210","Central","Rural"
"53200","Central","Rural"
"53220","Central","Rural"
"53260","Central","Rural"
"53900","Central","Rural"
"53940","Central","Rural"
"53700","Central","Rural"
"53740","Central","Rural"
"53350","Central","Rural"
"53390","Central","Rural"
"53550","Central","Rural"
"53560","Central","Rural"
"53650","Central","Rural"
"53690","Central","Rural"
"53600","Central","Rural"
"53610","Central","Rural"
"53500","Central","Rural"
"53540","Central","Rural"
"53800","Central","Urban"
"53620","Central","Urban"
"53870","Central","Urban"
"53970","Central","Urban"
"53020","Central","Urban"
"53950","Central","Urban"
"53340","Central","Rural"
"53300","Central","Rural"
"54100","Marmara","Urban"
"54290","Marmara","Urban"
"54400","Marmara","Urban"
"54580","Marmara","Urban"
"54200","Marmara","Urban"
"54110","Marmara","Urban"
"54700","Marmara","Urban"
"54300","Marmara","Urban"
"54430","Marmara","Urban"
"54500","Marmara","Urban"
"54650","Marmara","Urban"
"54800","Marmara","Urban"
"54900","Marmara","Urban"
"54600","Marmara","Urban"
"54050","Marmara","Urban"
"54130","Marmara","Urban"
"54160","Marmara","Urban"
"54750","Marmara","Urban"
"55420","Central","Urban"
"55800","Central","Urban"
"55860","Central","Urban"
"55200","Central","Urban"
"55270","Central","Urban"
"55550","Central","Urban"
"55400","Central","Urban"
"55080","Central","Urban"
"55500","Central","Urban"
"55700","Central","Urban"
"55070","Central","Urban"
"55060","Central","Urban"
"55040","Central","Urban"
"55030","Central","Urban"
"55100","Central","Urban"
"55050","Central","Urban"
"55020","Central","Urban"
"55090","Central","Urban"
"55850","Central","Urban"
"55760","Central","Urban"
"55530","Central","Urban"
"55320","Central","Urban"
"55310","Central","Urban"
"55330","Central","Urban"
"55300","Central","Urban"
"55600","Central","Urban"
"55902","Central","Urban"
"55900","Central","Urban"
"55810","Central","Urban"
"63500","East","Urban"
"63400","East","Urban"
"63850","East","Urban"
"63853","East","Urban"
"63570","East","Urban"
"63210","East","Urban"
"63200","East","Urban"
"63950","East","Urban"
"63050","East","Urban"
"63100","East","Urban"
"63040","East","Urban"
"63300","East","Urban"
"63510","East","Urban"
"63900","East","Urban"
"63320","East","Urban"
"63600","East","Urban"
"63800","East","Urban"
"63700","East","Urban"
"56465","East","Rural"
"56460","East","Rural"
"56470","East","Rural"
"56462","East","Rural"
"56466","East","Rural"
"56540","East","Rural"
"56800","East","Rural"
"56802","East","Rural"
"56505","East","Rural"
"56500","East","Rural"
"56502","East","Rural"
"56210","East","Urban"
"56220","East","Urban"
"56100","East","Urban"
"56705","East","Rural"
"56702","East","Rural"
"56700","East","Rural"
"56873","East","Rural"
"56762","East","Rural"
"56763","East","Rural"
"56760","East","Rural"
"56870","East","Rural"
"56872","East","Rural"
"57400","Central","Rural"
"57402","Central","Rural"
"57200","Central","Rural"
"57202","Central","Rural"
"57660","Central","Rural"
"57662","Central","Rural"
"57700","Central","Rural"
"57702","Central","Rural"
"57800","Central","Rural"
"57802","Central","Rural"
"57600","Central","Rural"
"57602","Central","Rural"
"57002","Central","Urban"
"57010","Central","Urban"
"57302","Central","Rural"
"57300","Central","Rural"
"57902","Central","Rural"
"57900","Central","Rural"
"73800","East","Rural"
"73802","East","Rural"
"73200","East","Urban"
"73202","East","Urban"
"73710","East","Rural"
"73700","East","Rural"
"73702","East","Rural"
"73300","East","Rural"
"73310","East","Rural"
"73302","East","Rural"
"73320","East","Rural"
"73030","East","Rural"
"73040","East","Rural"
"73050","East","Rural"
"73002","East","Rural"
"73100","East","Rural"
"73430","East","Rural"
"73440","East","Rural"
"73420","East","Rural"
"73402","East","Rural"
"73400","East","Rural"
"73630","East","Rural"
"73602","East","Rural"
"73620","East","Rural"
"73600","East","Rural"
"73660","East","Rural"
"58550","East","Rural"
"58552","East","Rural"
"58470","East","Rural"
"58475","East","Rural"
"58472","East","Rural"
"58300","East","Rural"
"58302","East","Rural"
"58780","East","Rural"
"58782","East","Rural"
"58843","East","Rural"
"58002","East","Rural"
"58840","East","Rural"
"58001","East","Rural"
"58842","East","Rural"
"58880","East","Rural"
"58580","East","Rural"
"58640","East","Rural"
"58642","East","Rural"
"58800","East","Rural"
"58802","East","Rural"
"58760","East","Rural"
"58762","East","Rural"
"58980","East","Rural"
"58982","East","Rural"
"58900","East","Rural"
"58902","East","Rural"
"58660","East","Rural"
"58662","East","Rural"
"58030","East","Urban"
"58020","East","Urban"
"58040","East","Urban"
"58010","East","Urban"
"58060","East","Urban"
"58050","East","Urban"
"58070","East","Urban"
"58405","East","Rural"
"58430","East","Rural"
"58402","East","Rural"
"58400","East","Rural"
"58602","East","Rural"
"58600","East","Rural"
"58382","East","Rural"
"58380","East","Rural"
"58525","East","Rural"
"58502","East","Rural"
"58500","East","Rural"
"58702","East","Rural"
"58700","East","Rural"
"59500","Marmara","Urban"
"59850","Marmara","Urban"
"59860","Marmara","Urban"
"59930","Marmara","Urban"
"59400","Marmara","Urban"
"59510","Marmara","Urban"
"59300","Marmara","Urban"
"59740","Marmara","Urban"
"59700","Marmara","Urban"
"59600","Marmara","Urban"
"59800","Marmara","Urban"
"59100","Marmara","Urban"
"59200","Marmara","Urban"
"59030","Marmara","Urban"
"59060","Marmara","Urban"
"59070","Marmara","Urban"
"60905","Central","Rural"
"60900","Central","Rural"
"60915","Central","Rural"
"60930","Central","Rural"
"60940","Central","Rural"
"60950","Central","Rural"
"60902","Central","Rural"
"60670","Central","Rural"
"60672","Central","Rural"
"60620","Central","Rural"
"60625","Central","Rural"
"60622","Central","Rural"
"60500","Central","Rural"
"60515","Central","Rural"
"60540","Central","Rural"
"60502","Central","Rural"
"60525","Central","Rural"
"60225","Central","Urban"
"60160","Central","Urban"
"60235","Central","Urban"
"60100","Central","Urban"
"60255","Central","Urban"
"60240","Central","Urban"
"60200","Central","Urban"
"60010","Central","Urban"
"60630","Central","Rural"
"60640","Central","Rural"
"60602","Central","Rural"
"60600","Central","Rural"
"60645","Central","Rural"
"60605","Central","Rural"
"60650","Central","Rural"
"60802","Central","Rural"
"60800","Central","Rural"
"60820","Central","Rural"
"60730","Central","Rural"
"60710","Central","Rural"
"60740","Central","Rural"
"60715","Central","Rural"
"60720","Central","Rural"
"60702","Central","Rural"
"60700","Central","Rural"
"60872","Central","Rural"
"60870","Central","Rural"
"60302","Central","Urban"
"60320","Central","Urban"
"60300","Central","Urban"
"60862","Central","Rural"
"60860","Central","Rural"
"60402","Central","Rural"
"60400","Central","Rural"
"61300","Central","Urban"
"61700","Central","Urban"
"61900","Central","Urban"
"61800","Central","Urban"
"61420","Central","Urban"
"61940","Central","Urban"
"61950","Central","Urban"
"61390","Central","Urban"
"61450","Central","Urban"
"61630","Central","Urban"
"61750","Central","Urban"
"61830","Central","Urban"
"61040","Central","Urban"
"61080","Central","Urban"
"61030","Central","Urban"
"61050","Central","Urban"
"61060","Central","Urban"
"61670","Central","Urban"
"61600","Central","Urban"
"61500","Central","Urban"
"61400","Central","Urban"
"61250","Central","Urban"
"62600","East","Rural"
"62602","East","Rural"
"62400","East","Rural"
"62402","East","Rural"
"62810","East","Rural"
"62800","East","Rural"
"62802","East","Rural"
"62002","East","Urban"
"62100","East","Urban"
"62952","East","Rural"
"62950","East","Rural"
"62901","East","Rural"
"62900","East","Rural"
"62502","East","Rural"
"62500","East","Rural"
"62702","East","Rural"
"62700","East","Rural"
"64500","West","Rural"
"64520","West","Rural"
"64502","West","Rural"
"64600","West","Rural"
"64602","West","Rural"
"64610","West","Rural"
"64700","West","Rural"
"64702","West","Rural"
"64200","West","Urban"
"64050","West","Urban"
"64802","West","Rural"
"64830","West","Rural"
"64840","West","Rural"
"64800","West","Rural"
"64820","West","Rural"
"64902","West","Rural"
"64900","West","Rural"
"65710","East","Urban"
"65600","East","Urban"
"65970","East","Urban"
"65870","East","Urban"
"65170","East","Urban"
"65300","East","Urban"
"65400","East","Urban"
"65700","East","Urban"
"65900","East","Urban"
"65210","East","Urban"
"65100","East","Urban"
"65500","East","Urban"
"65800","East","Urban"
"65830","East","Urban"
"65040","East","Urban"
"65030","East","Urban"
"77700","Marmara","Rural"
"77720","Marmara","Rural"
"77702","Marmara","Rural"
"77710","Marmara","Rural"
"77740","Marmara","Rural"
"77500","Marmara","Rural"
"77502","Marmara","Rural"
"77600","Marmara","Urban"
"77602","Marmara","Urban"
"77610","Marmara","Urban"
"77300","Marmara","Rural"
"77310","Marmara","Rural"
"77340","Marmara","Rural"
"77302","Marmara","Rural"
"77330","Marmara","Rural"
"77200","Marmara","Urban"
"77210","Marmara","Urban"
"77202","Marmara","Urban"
"77402","Marmara","Rural"
"77400","Marmara","Rural"
"66300","East","Rural"
"66305","East","Rural"
"66302","East","Rural"
"66310","East","Rural"
"66315","East","Rural"
"66510","East","Rural"
"66515","East","Rural"
"66512","East","Rural"
"66400","East","Rural"
"66402","East","Rural"
"66405","East","Rural"
"66410","East","Rural"
"66415","East","Rural"
"66420","East","Rural"
"66425","East","Rural"
"66620","East","Urban"
"66622","East","Urban"
"66600","East","Rural"
"66605","East","Rural"
"66602","East","Rural"
"66500","East","Rural"
"66502","East","Rural"
"66505","East","Rural"
"66545","East","Rural"
"66540","East","Rural"
"66542","East","Rural"
"66010","East","Urban"
"66100","East","Urban"
"66325","East","Rural"
"66322","East","Rural"
"66330","East","Rural"
"66320","East","Rural"
"66655","East","Rural"
"66652","East","Rural"
"66650","East","Rural"
"66802","East","Rural"
"66800","East","Rural"
"66750","East","Rural"
"66710","East","Rural"
"66790","East","Rural"
"66740","East","Rural"
"66760","East","Rural"
"66720","East","Rural"
"66702","East","Rural"
"66700","East","Rural"
"66730","East","Rural"
"66472","East","Rural"
"66470","East","Rural"
"66902","East","Urban"
"66900","East","Urban"
"67850","Central","Rural"
"67856","Central","Rural"
"67852","Central","Rural"
"67900","Central","Rural"
"67660","Central","Rural"
"67975","Central","Rural"
"67902","Central","Rural"
"67965","Central","Rural"
"67960","Central","Rural"
"67970","Central","Rural"
"67830","Central","Rural"
"67800","Central","Rural"
"67840","Central","Rural"
"67802","Central","Rural"
"67350","Central","Rural"
"67390","Central","Rural"
"67300","Central","Rural"
"67302","Central","Rural"
"67380","Central","Rural"
"67680","Central","Rural"
"67670","Central","Rural"
"67672","Central","Rural"
"67150","Central","Rural"
"67510","Central","Rural"
"67500","Central","Rural"
"67502","Central","Rural"
"67170","Central","Rural"
"67600","Central","Urban"
"67602","Central","Urban"
"67980","Central","Urban"
"67990","Central","Urban"
"67010","Central","Urban"
"67002","Central","Urban"
"67100","Central","Urban"
